[INFO] Scanning for projects...
[INFO] 
[INFO] ----------------------< com.codequest:LibraLink >-----------------------
[INFO] Building LibraLink 0.0.1-SNAPSHOT
[INFO]   from pom.xml
[INFO] --------------------------------[ jar ]---------------------------------
[INFO] 
[INFO] >>> spring-boot:4.1.0:run (default-cli) > test-compile @ LibraLink >>>
[INFO] 
[INFO] --- resources:3.5.0:resources (default-resources) @ LibraLink ---
[INFO] Copying 1 resource from src\main\resources to target\classes
[INFO] Copying 0 resource from src\main\resources to target\classes
[INFO] 
[INFO] --- compiler:3.15.0:compile (default-compile) @ LibraLink ---
[INFO] Nothing to compile - all classes are up to date.
[INFO] 
[INFO] --- resources:3.5.0:testResources (default-testResources) @ LibraLink ---
[INFO] skip non existing resourceDirectory C:\Users\HP\Downloads\LibraLink\Backend\src\test\resources
[INFO] 
[INFO] --- compiler:3.15.0:testCompile (default-testCompile) @ LibraLink ---
[INFO] Nothing to compile - all classes are up to date.
[INFO] 
[INFO] <<< spring-boot:4.1.0:run (default-cli) < test-compile @ LibraLink <<<
[INFO] 
[INFO] 
[INFO] --- spring-boot:4.1.0:run (default-cli) @ LibraLink ---
[INFO] Attaching agents: []

  .   ____          _            __ _ _
 /\\ / ___'_ __ _ _(_)_ __  __ _ \ \ \ \
( ( )\___ | '_ | '_| | '_ \/ _` | \ \ \ \
 \\/  ___)| |_)| | | | | || (_| |  ) ) ) )
  '  |____| .__|_| |_|_| |_\__, | / / / /
 =========|_|==============|___/=/_/_/_/

 :: Spring Boot ::                (v4.1.0)

2026-06-24T22:01:35.983-12:00  INFO 12460 --- [LibraLink] [  restartedMain] c.c.libralink.LibraLinkApplication       : Starting LibraLinkApplication using Java 25.0.1 with PID 12460 (C:\Users\HP\Downloads\LibraLink\Backend\target\classes started by HP in C:\Users\HP\Downloads\LibraLink\Backend)
2026-06-24T22:01:36.036-12:00  INFO 12460 --- [LibraLink] [  restartedMain] c.c.libralink.LibraLinkApplication       : No active profile set, falling back to 1 default profile: "default"
2026-06-24T22:01:36.131-12:00  INFO 12460 --- [LibraLink] [  restartedMain] .e.DevToolsPropertyDefaultsPostProcessor : Devtools property defaults active! Set 'spring.devtools.add-properties' to 'false' to disable
2026-06-24T22:01:36.132-12:00  INFO 12460 --- [LibraLink] [  restartedMain] .e.DevToolsPropertyDefaultsPostProcessor : For additional web related logging consider setting the 'logging.level.web' property to 'DEBUG'
2026-06-24T22:01:37.584-12:00  INFO 12460 --- [LibraLink] [  restartedMain] .s.d.r.c.RepositoryConfigurationDelegate : Bootstrapping Spring Data JPA repositories in DEFAULT mode.
2026-06-24T22:01:37.924-12:00  INFO 12460 --- [LibraLink] [  restartedMain] .s.d.r.c.RepositoryConfigurationDelegate : Finished Spring Data repository scanning in 313 ms. Found 21 JPA repository interfaces.
2026-06-24T22:01:39.543-12:00  INFO 12460 --- [LibraLink] [  restartedMain] o.s.boot.tomcat.TomcatWebServer          : Tomcat initialized with port 8081 (http)
2026-06-24T22:01:39.597-12:00  INFO 12460 --- [LibraLink] [  restartedMain] o.apache.catalina.core.StandardService   : Starting service [Tomcat]
2026-06-24T22:01:39.599-12:00  INFO 12460 --- [LibraLink] [  restartedMain] o.apache.catalina.core.StandardEngine    : Starting Servlet engine: [Apache Tomcat/11.0.22]
2026-06-24T22:01:39.743-12:00  INFO 12460 --- [LibraLink] [  restartedMain] b.w.c.s.WebApplicationContextInitializer : Root WebApplicationContext: initialization completed in 3608 ms
2026-06-24T22:01:40.235-12:00  INFO 12460 --- [LibraLink] [  restartedMain] org.hibernate.orm.jpa                    : HHH008540: Processing PersistenceUnitInfo [name: default]
2026-06-24T22:01:40.330-12:00  INFO 12460 --- [LibraLink] [  restartedMain] org.hibernate.orm.core                   : HHH000001: Hibernate ORM core version 7.4.1.Final
2026-06-24T22:01:41.264-12:00  INFO 12460 --- [LibraLink] [  restartedMain] o.s.o.j.p.SpringPersistenceUnitInfo      : No LoadTimeWeaver setup: ignoring JPA class transformer
2026-06-24T22:01:41.345-12:00  WARN 12460 --- [LibraLink] [  restartedMain] org.hibernate.orm.deprecation            : HHH90000021: Encountered deprecated setting [hibernate.temp.use_jdbc_metadata_defaults], use [hibernate.boot.allow_jdbc_metadata_access] instead
2026-06-24T22:01:41.390-12:00  WARN 12460 --- [LibraLink] [  restartedMain] org.hibernate.orm.deprecation            : HHH90000025: PostgreSQLDialect does not need to be specified explicitly using 'hibernate.dialect' (remove the property setting and it will be selected by default)
2026-06-24T22:01:41.431-12:00  INFO 12460 --- [LibraLink] [  restartedMain] org.hibernate.orm.connections.pooling    : HHH10001005: Database info:
	Database JDBC URL [undefined/unknown]
	Database driver: undefined/unknown
	Database dialect: PostgreSQLDialect
	Database version: 14.0
	Default catalog/schema: unknown/unknown
	Autocommit mode: undefined/unknown
	Isolation level: <unknown>
	JDBC fetch size: undefined/unknown
	Pool: undefined/unknown
	Minimum pool size: undefined/unknown
	Maximum pool size: undefined/unknown
2026-06-24T22:01:44.177-12:00  INFO 12460 --- [LibraLink] [  restartedMain] org.hibernate.orm.core                   : HHH000489: No JTA platform available (set 'hibernate.transaction.jta.platform' to enable JTA platform integration)
2026-06-24T22:01:44.314-12:00  INFO 12460 --- [LibraLink] [  restartedMain] com.zaxxer.hikari.HikariDataSource       : HikariPool-1 - Starting...
2026-06-24T22:01:44.639-12:00  INFO 12460 --- [LibraLink] [  restartedMain] com.zaxxer.hikari.pool.HikariPool        : HikariPool-1 - Added connection org.postgresql.jdbc.PgConnection@2f56c9d
2026-06-24T22:01:44.687-12:00  INFO 12460 --- [LibraLink] [  restartedMain] com.zaxxer.hikari.HikariDataSource       : HikariPool-1 - Start completed.
2026-06-24T22:01:44.800-12:00  INFO 12460 --- [LibraLink] [  restartedMain] j.LocalContainerEntityManagerFactoryBean : Initialized JPA EntityManagerFactory for persistence unit 'default'
2026-06-24T22:01:44.965-12:00  INFO 12460 --- [LibraLink] [  restartedMain] o.s.d.j.r.query.QueryEnhancerFactories   : Hibernate is in classpath; If applicable, HQL parser will be used.
2026-06-24T22:01:46.285-12:00  WARN 12460 --- [LibraLink] [  restartedMain] JpaBaseConfiguration$JpaWebConfiguration : spring.jpa.open-in-view is enabled by default. Therefore, database queries may be performed during view rendering. Explicitly configure spring.jpa.open-in-view to disable this warning
2026-06-24T22:01:47.045-12:00  INFO 12460 --- [LibraLink] [  restartedMain] o.s.boot.tomcat.TomcatWebServer          : Tomcat started on port 8081 (http) with context path '/'
2026-06-24T22:01:47.061-12:00  INFO 12460 --- [LibraLink] [  restartedMain] c.c.libralink.LibraLinkApplication       : Started LibraLinkApplication in 11.976 seconds (process running for 13.006)
2026-06-24T22:02:27.244-12:00  INFO 12460 --- [LibraLink] [nio-8081-exec-1] o.a.c.c.C.[Tomcat].[localhost].[/]       : Initializing Spring DispatcherServlet 'dispatcherServlet'
2026-06-24T22:02:27.245-12:00  INFO 12460 --- [LibraLink] [nio-8081-exec-1] o.s.web.servlet.DispatcherServlet        : Initializing Servlet 'dispatcherServlet'
2026-06-24T22:02:27.249-12:00  INFO 12460 --- [LibraLink] [nio-8081-exec-1] o.s.web.servlet.DispatcherServlet        : Completed initialization in 3 ms
2026-06-24T22:10:09.468-12:00  INFO 12460 --- [LibraLink] [   File Watcher] rtingClassPathChangeChangedEventListener : Restarting due to 1 class path change (0 additions, 0 deletions, 1 modification)
2026-06-24T22:10:09.482-12:00  INFO 12460 --- [LibraLink] [       Thread-1] o.s.boot.tomcat.GracefulShutdown         : Commencing graceful shutdown. Waiting for active requests to complete
2026-06-24T22:10:09.496-12:00  INFO 12460 --- [LibraLink] [tomcat-shutdown] o.s.boot.tomcat.GracefulShutdown         : Graceful shutdown complete
2026-06-24T22:10:09.515-12:00  INFO 12460 --- [LibraLink] [       Thread-1] j.LocalContainerEntityManagerFactoryBean : Closing JPA EntityManagerFactory for persistence unit 'default'
2026-06-24T22:10:09.523-12:00  INFO 12460 --- [LibraLink] [       Thread-1] com.zaxxer.hikari.HikariDataSource       : HikariPool-1 - Shutdown initiated...
2026-06-24T22:10:09.530-12:00  INFO 12460 --- [LibraLink] [       Thread-1] com.zaxxer.hikari.HikariDataSource       : HikariPool-1 - Shutdown completed.

  .   ____          _            __ _ _
 /\\ / ___'_ __ _ _(_)_ __  __ _ \ \ \ \
( ( )\___ | '_ | '_| | '_ \/ _` | \ \ \ \
 \\/  ___)| |_)| | | | | || (_| |  ) ) ) )
  '  |____| .__|_| |_|_| |_\__, | / / / /
 =========|_|==============|___/=/_/_/_/

 :: Spring Boot ::                (v4.1.0)

2026-06-24T22:10:09.745-12:00  INFO 12460 --- [LibraLink] [  restartedMain] c.c.libralink.LibraLinkApplication       : Starting LibraLinkApplication using Java 25.0.1 with PID 12460 (C:\Users\HP\Downloads\LibraLink\Backend\target\classes started by HP in C:\Users\HP\Downloads\LibraLink\Backend)
2026-06-24T22:10:09.746-12:00  INFO 12460 --- [LibraLink] [  restartedMain] c.c.libralink.LibraLinkApplication       : No active profile set, falling back to 1 default profile: "default"
2026-06-24T22:10:10.205-12:00  INFO 12460 --- [LibraLink] [  restartedMain] .s.d.r.c.RepositoryConfigurationDelegate : Bootstrapping Spring Data JPA repositories in DEFAULT mode.
2026-06-24T22:10:10.312-12:00  INFO 12460 --- [LibraLink] [  restartedMain] .s.d.r.c.RepositoryConfigurationDelegate : Finished Spring Data repository scanning in 104 ms. Found 21 JPA repository interfaces.
2026-06-24T22:10:10.572-12:00  INFO 12460 --- [LibraLink] [  restartedMain] o.s.boot.tomcat.TomcatWebServer          : Tomcat initialized with port 8081 (http)
2026-06-24T22:10:10.634-12:00  INFO 12460 --- [LibraLink] [  restartedMain] o.apache.catalina.core.StandardService   : Starting service [Tomcat]
2026-06-24T22:10:10.635-12:00  INFO 12460 --- [LibraLink] [  restartedMain] o.apache.catalina.core.StandardEngine    : Starting Servlet engine: [Apache Tomcat/11.0.22]
2026-06-24T22:10:10.710-12:00  INFO 12460 --- [LibraLink] [  restartedMain] b.w.c.s.WebApplicationContextInitializer : Root WebApplicationContext: initialization completed in 959 ms
2026-06-24T22:10:10.832-12:00  INFO 12460 --- [LibraLink] [  restartedMain] org.hibernate.orm.jpa                    : HHH008540: Processing PersistenceUnitInfo [name: default]
2026-06-24T22:10:10.907-12:00  INFO 12460 --- [LibraLink] [  restartedMain] o.s.o.j.p.SpringPersistenceUnitInfo      : No LoadTimeWeaver setup: ignoring JPA class transformer
2026-06-24T22:10:10.909-12:00  WARN 12460 --- [LibraLink] [  restartedMain] org.hibernate.orm.deprecation            : HHH90000021: Encountered deprecated setting [hibernate.temp.use_jdbc_metadata_defaults], use [hibernate.boot.allow_jdbc_metadata_access] instead
2026-06-24T22:10:10.910-12:00  WARN 12460 --- [LibraLink] [  restartedMain] org.hibernate.orm.deprecation            : HHH90000025: PostgreSQLDialect does not need to be specified explicitly using 'hibernate.dialect' (remove the property setting and it will be selected by default)
2026-06-24T22:10:10.910-12:00  INFO 12460 --- [LibraLink] [  restartedMain] org.hibernate.orm.connections.pooling    : HHH10001005: Database info:
	Database JDBC URL [undefined/unknown]
	Database driver: undefined/unknown
	Database dialect: PostgreSQLDialect
	Database version: 14.0
	Default catalog/schema: unknown/unknown
	Autocommit mode: undefined/unknown
	Isolation level: <unknown>
	JDBC fetch size: undefined/unknown
	Pool: undefined/unknown
	Minimum pool size: undefined/unknown
	Maximum pool size: undefined/unknown
2026-06-24T22:10:11.452-12:00  INFO 12460 --- [LibraLink] [  restartedMain] org.hibernate.orm.core                   : HHH000489: No JTA platform available (set 'hibernate.transaction.jta.platform' to enable JTA platform integration)
2026-06-24T22:10:11.494-12:00  INFO 12460 --- [LibraLink] [  restartedMain] com.zaxxer.hikari.HikariDataSource       : HikariPool-2 - Starting...
2026-06-24T22:10:11.592-12:00  INFO 12460 --- [LibraLink] [  restartedMain] com.zaxxer.hikari.pool.HikariPool        : HikariPool-2 - Added connection org.postgresql.jdbc.PgConnection@6f0a292d
2026-06-24T22:10:11.593-12:00  INFO 12460 --- [LibraLink] [  restartedMain] com.zaxxer.hikari.HikariDataSource       : HikariPool-2 - Start completed.
2026-06-24T22:10:11.642-12:00  INFO 12460 --- [LibraLink] [  restartedMain] j.LocalContainerEntityManagerFactoryBean : Initialized JPA EntityManagerFactory for persistence unit 'default'
2026-06-24T22:10:12.633-12:00  WARN 12460 --- [LibraLink] [  restartedMain] JpaBaseConfiguration$JpaWebConfiguration : spring.jpa.open-in-view is enabled by default. Therefore, database queries may be performed during view rendering. Explicitly configure spring.jpa.open-in-view to disable this warning
2026-06-24T22:10:12.926-12:00  INFO 12460 --- [LibraLink] [  restartedMain] o.s.boot.tomcat.TomcatWebServer          : Tomcat started on port 8081 (http) with context path '/'
2026-06-24T22:10:12.933-12:00  INFO 12460 --- [LibraLink] [  restartedMain] c.c.libralink.LibraLinkApplication       : Started LibraLinkApplication in 3.268 seconds (process running for 518.877)
2026-06-24T22:10:12.936-12:00  INFO 12460 --- [LibraLink] [  restartedMain] .ConditionEvaluationDeltaLoggingListener : Condition evaluation unchanged
2026-06-24T22:32:04.097-12:00  INFO 12460 --- [LibraLink] [   File Watcher] rtingClassPathChangeChangedEventListener : Restarting due to 42 class path changes (0 additions, 42 deletions, 0 modifications)
2026-06-24T22:32:04.150-12:00  INFO 12460 --- [LibraLink] [       Thread-5] o.s.boot.tomcat.GracefulShutdown         : Commencing graceful shutdown. Waiting for active requests to complete
2026-06-24T22:32:04.162-12:00  INFO 12460 --- [LibraLink] [tomcat-shutdown] o.s.boot.tomcat.GracefulShutdown         : Graceful shutdown complete
2026-06-24T22:32:04.178-12:00  INFO 12460 --- [LibraLink] [       Thread-5] j.LocalContainerEntityManagerFactoryBean : Closing JPA EntityManagerFactory for persistence unit 'default'
2026-06-24T22:32:04.182-12:00  INFO 12460 --- [LibraLink] [       Thread-5] com.zaxxer.hikari.HikariDataSource       : HikariPool-2 - Shutdown initiated...
2026-06-24T22:32:04.188-12:00  INFO 12460 --- [LibraLink] [       Thread-5] com.zaxxer.hikari.HikariDataSource       : HikariPool-2 - Shutdown completed.

  .   ____          _            __ _ _
 /\\ / ___'_ __ _ _(_)_ __  __ _ \ \ \ \
( ( )\___ | '_ | '_| | '_ \/ _` | \ \ \ \
 \\/  ___)| |_)| | | | | || (_| |  ) ) ) )
  '  |____| .__|_| |_|_| |_\__, | / / / /
 =========|_|==============|___/=/_/_/_/

 :: Spring Boot ::                (v4.1.0)

2026-06-24T22:32:04.439-12:00  INFO 12460 --- [LibraLink] [  restartedMain] c.c.libralink.LibraLinkApplication       : Starting LibraLinkApplication using Java 25.0.1 with PID 12460 (C:\Users\HP\Downloads\LibraLink\Backend\target\classes started by HP in C:\Users\HP\Downloads\LibraLink\Backend)
2026-06-24T22:32:04.441-12:00  INFO 12460 --- [LibraLink] [  restartedMain] c.c.libralink.LibraLinkApplication       : No active profile set, falling back to 1 default profile: "default"
2026-06-24T22:32:05.049-12:00  INFO 12460 --- [LibraLink] [  restartedMain] .s.d.r.c.RepositoryConfigurationDelegate : Bootstrapping Spring Data JPA repositories in DEFAULT mode.
2026-06-24T22:32:05.122-12:00  INFO 12460 --- [LibraLink] [  restartedMain] .s.d.r.c.RepositoryConfigurationDelegate : Finished Spring Data repository scanning in 69 ms. Found 11 JPA repository interfaces.
2026-06-24T22:32:05.403-12:00  INFO 12460 --- [LibraLink] [  restartedMain] o.s.boot.tomcat.TomcatWebServer          : Tomcat initialized with port 8081 (http)
2026-06-24T22:32:05.457-12:00  INFO 12460 --- [LibraLink] [  restartedMain] o.apache.catalina.core.StandardService   : Starting service [Tomcat]
2026-06-24T22:32:05.458-12:00  INFO 12460 --- [LibraLink] [  restartedMain] o.apache.catalina.core.StandardEngine    : Starting Servlet engine: [Apache Tomcat/11.0.22]
2026-06-24T22:32:05.514-12:00  INFO 12460 --- [LibraLink] [  restartedMain] b.w.c.s.WebApplicationContextInitializer : Root WebApplicationContext: initialization completed in 1062 ms
2026-06-24T22:32:05.693-12:00  INFO 12460 --- [LibraLink] [  restartedMain] org.hibernate.orm.jpa                    : HHH008540: Processing PersistenceUnitInfo [name: default]
2026-06-24T22:32:05.788-12:00  INFO 12460 --- [LibraLink] [  restartedMain] o.s.o.j.p.SpringPersistenceUnitInfo      : No LoadTimeWeaver setup: ignoring JPA class transformer
2026-06-24T22:32:05.790-12:00  WARN 12460 --- [LibraLink] [  restartedMain] org.hibernate.orm.deprecation            : HHH90000021: Encountered deprecated setting [hibernate.temp.use_jdbc_metadata_defaults], use [hibernate.boot.allow_jdbc_metadata_access] instead
2026-06-24T22:32:05.791-12:00  WARN 12460 --- [LibraLink] [  restartedMain] org.hibernate.orm.deprecation            : HHH90000025: PostgreSQLDialect does not need to be specified explicitly using 'hibernate.dialect' (remove the property setting and it will be selected by default)
2026-06-24T22:32:05.791-12:00  INFO 12460 --- [LibraLink] [  restartedMain] org.hibernate.orm.connections.pooling    : HHH10001005: Database info:
	Database JDBC URL [undefined/unknown]
	Database driver: undefined/unknown
	Database dialect: PostgreSQLDialect
	Database version: 14.0
	Default catalog/schema: unknown/unknown
	Autocommit mode: undefined/unknown
	Isolation level: <unknown>
	JDBC fetch size: undefined/unknown
	Pool: undefined/unknown
	Minimum pool size: undefined/unknown
	Maximum pool size: undefined/unknown
2026-06-24T22:32:06.301-12:00  INFO 12460 --- [LibraLink] [  restartedMain] org.hibernate.orm.core                   : HHH000489: No JTA platform available (set 'hibernate.transaction.jta.platform' to enable JTA platform integration)
2026-06-24T22:32:06.305-12:00  INFO 12460 --- [LibraLink] [  restartedMain] com.zaxxer.hikari.HikariDataSource       : HikariPool-3 - Starting...
2026-06-24T22:32:06.437-12:00  INFO 12460 --- [LibraLink] [  restartedMain] com.zaxxer.hikari.pool.HikariPool        : HikariPool-3 - Added connection org.postgresql.jdbc.PgConnection@3e76e9af
2026-06-24T22:32:06.474-12:00  INFO 12460 --- [LibraLink] [  restartedMain] com.zaxxer.hikari.HikariDataSource       : HikariPool-3 - Start completed.
2026-06-24T22:32:06.529-12:00  INFO 12460 --- [LibraLink] [  restartedMain] j.LocalContainerEntityManagerFactoryBean : Initialized JPA EntityManagerFactory for persistence unit 'default'
2026-06-24T22:32:06.995-12:00  WARN 12460 --- [LibraLink] [  restartedMain] JpaBaseConfiguration$JpaWebConfiguration : spring.jpa.open-in-view is enabled by default. Therefore, database queries may be performed during view rendering. Explicitly configure spring.jpa.open-in-view to disable this warning
2026-06-24T22:32:07.452-12:00  INFO 12460 --- [LibraLink] [  restartedMain] o.s.boot.tomcat.TomcatWebServer          : Tomcat started on port 8081 (http) with context path '/'
2026-06-24T22:32:07.457-12:00  INFO 12460 --- [LibraLink] [  restartedMain] c.c.libralink.LibraLinkApplication       : Started LibraLinkApplication in 3.091 seconds (process running for 1833.402)
2026-06-24T22:32:07.459-12:00  INFO 12460 --- [LibraLink] [  restartedMain] .ConditionEvaluationDeltaLoggingListener : Condition evaluation unchanged
2026-06-24T22:32:08.947-12:00  INFO 12460 --- [LibraLink] [   File Watcher] rtingClassPathChangeChangedEventListener : Restarting due to 43 class path changes (15 additions, 0 deletions, 28 modifications)
2026-06-24T22:32:08.996-12:00  INFO 12460 --- [LibraLink] [       Thread-9] o.s.boot.tomcat.GracefulShutdown         : Commencing graceful shutdown. Waiting for active requests to complete
2026-06-24T22:32:09.012-12:00  INFO 12460 --- [LibraLink] [tomcat-shutdown] o.s.boot.tomcat.GracefulShutdown         : Graceful shutdown complete
2026-06-24T22:32:09.018-12:00  INFO 12460 --- [LibraLink] [       Thread-9] j.LocalContainerEntityManagerFactoryBean : Closing JPA EntityManagerFactory for persistence unit 'default'
2026-06-24T22:32:09.021-12:00  INFO 12460 --- [LibraLink] [       Thread-9] com.zaxxer.hikari.HikariDataSource       : HikariPool-3 - Shutdown initiated...
2026-06-24T22:32:09.040-12:00  INFO 12460 --- [LibraLink] [       Thread-9] com.zaxxer.hikari.HikariDataSource       : HikariPool-3 - Shutdown completed.

  .   ____          _            __ _ _
 /\\ / ___'_ __ _ _(_)_ __  __ _ \ \ \ \
( ( )\___ | '_ | '_| | '_ \/ _` | \ \ \ \
 \\/  ___)| |_)| | | | | || (_| |  ) ) ) )
  '  |____| .__|_| |_|_| |_\__, | / / / /
 =========|_|==============|___/=/_/_/_/

 :: Spring Boot ::                (v4.1.0)

2026-06-24T22:32:09.265-12:00  INFO 12460 --- [LibraLink] [  restartedMain] c.c.libralink.LibraLinkApplication       : Starting LibraLinkApplication using Java 25.0.1 with PID 12460 (C:\Users\HP\Downloads\LibraLink\Backend\target\classes started by HP in C:\Users\HP\Downloads\LibraLink\Backend)
2026-06-24T22:32:09.266-12:00  INFO 12460 --- [LibraLink] [  restartedMain] c.c.libralink.LibraLinkApplication       : No active profile set, falling back to 1 default profile: "default"
2026-06-24T22:32:10.076-12:00  INFO 12460 --- [LibraLink] [  restartedMain] .s.d.r.c.RepositoryConfigurationDelegate : Bootstrapping Spring Data JPA repositories in DEFAULT mode.
2026-06-24T22:32:10.133-12:00  INFO 12460 --- [LibraLink] [  restartedMain] .s.d.r.c.RepositoryConfigurationDelegate : Finished Spring Data repository scanning in 53 ms. Found 14 JPA repository interfaces.
2026-06-24T22:32:10.292-12:00  INFO 12460 --- [LibraLink] [  restartedMain] o.s.boot.tomcat.TomcatWebServer          : Tomcat initialized with port 8081 (http)
2026-06-24T22:32:10.340-12:00  INFO 12460 --- [LibraLink] [  restartedMain] o.apache.catalina.core.StandardService   : Starting service [Tomcat]
2026-06-24T22:32:10.342-12:00  INFO 12460 --- [LibraLink] [  restartedMain] o.apache.catalina.core.StandardEngine    : Starting Servlet engine: [Apache Tomcat/11.0.22]
2026-06-24T22:32:10.421-12:00  INFO 12460 --- [LibraLink] [  restartedMain] b.w.c.s.WebApplicationContextInitializer : Root WebApplicationContext: initialization completed in 1152 ms
2026-06-24T22:32:10.606-12:00  INFO 12460 --- [LibraLink] [  restartedMain] org.hibernate.orm.jpa                    : HHH008540: Processing PersistenceUnitInfo [name: default]
2026-06-24T22:32:10.803-12:00  INFO 12460 --- [LibraLink] [  restartedMain] o.s.o.j.p.SpringPersistenceUnitInfo      : No LoadTimeWeaver setup: ignoring JPA class transformer
2026-06-24T22:32:10.853-12:00  WARN 12460 --- [LibraLink] [  restartedMain] org.hibernate.orm.deprecation            : HHH90000021: Encountered deprecated setting [hibernate.temp.use_jdbc_metadata_defaults], use [hibernate.boot.allow_jdbc_metadata_access] instead
2026-06-24T22:32:10.855-12:00  WARN 12460 --- [LibraLink] [  restartedMain] org.hibernate.orm.deprecation            : HHH90000025: PostgreSQLDialect does not need to be specified explicitly using 'hibernate.dialect' (remove the property setting and it will be selected by default)
2026-06-24T22:32:10.856-12:00  INFO 12460 --- [LibraLink] [  restartedMain] org.hibernate.orm.connections.pooling    : HHH10001005: Database info:
	Database JDBC URL [undefined/unknown]
	Database driver: undefined/unknown
	Database dialect: PostgreSQLDialect
	Database version: 14.0
	Default catalog/schema: unknown/unknown
	Autocommit mode: undefined/unknown
	Isolation level: <unknown>
	JDBC fetch size: undefined/unknown
	Pool: undefined/unknown
	Minimum pool size: undefined/unknown
	Maximum pool size: undefined/unknown
2026-06-24T22:32:11.195-12:00  INFO 12460 --- [LibraLink] [  restartedMain] org.hibernate.orm.core                   : HHH000489: No JTA platform available (set 'hibernate.transaction.jta.platform' to enable JTA platform integration)
2026-06-24T22:32:11.247-12:00  INFO 12460 --- [LibraLink] [  restartedMain] com.zaxxer.hikari.HikariDataSource       : HikariPool-4 - Starting...
2026-06-24T22:32:11.363-12:00  INFO 12460 --- [LibraLink] [  restartedMain] com.zaxxer.hikari.pool.HikariPool        : HikariPool-4 - Added connection org.postgresql.jdbc.PgConnection@4672a3f6
2026-06-24T22:32:11.365-12:00  INFO 12460 --- [LibraLink] [  restartedMain] com.zaxxer.hikari.HikariDataSource       : HikariPool-4 - Start completed.
2026-06-24T22:32:11.424-12:00  INFO 12460 --- [LibraLink] [  restartedMain] j.LocalContainerEntityManagerFactoryBean : Initialized JPA EntityManagerFactory for persistence unit 'default'
2026-06-24T22:32:11.691-12:00  WARN 12460 --- [LibraLink] [  restartedMain] ConfigServletWebServerApplicationContext : Exception encountered during context initialization - cancelling refresh attempt: org.springframework.beans.factory.BeanCreationException: Error creating bean with name 'fineController': Lookup method resolution failed
2026-06-24T22:32:11.738-12:00  INFO 12460 --- [LibraLink] [  restartedMain] j.LocalContainerEntityManagerFactoryBean : Closing JPA EntityManagerFactory for persistence unit 'default'
2026-06-24T22:32:11.740-12:00  INFO 12460 --- [LibraLink] [  restartedMain] com.zaxxer.hikari.HikariDataSource       : HikariPool-4 - Shutdown initiated...
2026-06-24T22:32:11.809-12:00  INFO 12460 --- [LibraLink] [  restartedMain] com.zaxxer.hikari.HikariDataSource       : HikariPool-4 - Shutdown completed.
2026-06-24T22:32:11.810-12:00  INFO 12460 --- [LibraLink] [  restartedMain] o.apache.catalina.core.StandardService   : Stopping service [Tomcat]
2026-06-24T22:32:11.822-12:00  INFO 12460 --- [LibraLink] [  restartedMain] .s.b.a.l.ConditionEvaluationReportLogger : 

Error starting ApplicationContext. To display the condition evaluation report re-run your application with 'debug' enabled.
2026-06-24T22:32:11.856-12:00 ERROR 12460 --- [LibraLink] [  restartedMain] o.s.boot.SpringApplication               : Application run failed

org.springframework.beans.factory.BeanCreationException: Error creating bean with name 'fineController': Lookup method resolution failed
	at org.springframework.beans.factory.annotation.AutowiredAnnotationBeanPostProcessor.checkLookupMethods(AutowiredAnnotationBeanPostProcessor.java:482) ~[spring-beans-7.0.8.jar:7.0.8]
	at org.springframework.beans.factory.annotation.AutowiredAnnotationBeanPostProcessor.determineCandidateConstructors(AutowiredAnnotationBeanPostProcessor.java:352) ~[spring-beans-7.0.8.jar:7.0.8]
	at org.springframework.beans.factory.support.AbstractAutowireCapableBeanFactory.determineConstructorsFromBeanPostProcessors(AbstractAutowireCapableBeanFactory.java:1319) ~[spring-beans-7.0.8.jar:7.0.8]
	at org.springframework.beans.factory.support.AbstractAutowireCapableBeanFactory.createBeanInstance(AbstractAutowireCapableBeanFactory.java:1216) ~[spring-beans-7.0.8.jar:7.0.8]
	at org.springframework.beans.factory.support.AbstractAutowireCapableBeanFactory.doCreateBean(AbstractAutowireCapableBeanFactory.java:565) ~[spring-beans-7.0.8.jar:7.0.8]
	at org.springframework.beans.factory.support.AbstractAutowireCapableBeanFactory.createBean(AbstractAutowireCapableBeanFactory.java:525) ~[spring-beans-7.0.8.jar:7.0.8]
	at org.springframework.beans.factory.support.AbstractBeanFactory.lambda$doGetBean$0(AbstractBeanFactory.java:333) ~[spring-beans-7.0.8.jar:7.0.8]
	at org.springframework.beans.factory.support.DefaultSingletonBeanRegistry.getSingleton(DefaultSingletonBeanRegistry.java:371) ~[spring-beans-7.0.8.jar:7.0.8]
	at org.springframework.beans.factory.support.AbstractBeanFactory.doGetBean(AbstractBeanFactory.java:331) ~[spring-beans-7.0.8.jar:7.0.8]
	at org.springframework.beans.factory.support.AbstractBeanFactory.getBean(AbstractBeanFactory.java:196) ~[spring-beans-7.0.8.jar:7.0.8]
	at org.springframework.beans.factory.support.DefaultListableBeanFactory.instantiateSingleton(DefaultListableBeanFactory.java:1225) ~[spring-beans-7.0.8.jar:7.0.8]
	at org.springframework.beans.factory.support.DefaultListableBeanFactory.preInstantiateSingleton(DefaultListableBeanFactory.java:1191) ~[spring-beans-7.0.8.jar:7.0.8]
	at org.springframework.beans.factory.support.DefaultListableBeanFactory.preInstantiateSingletons(DefaultListableBeanFactory.java:1121) ~[spring-beans-7.0.8.jar:7.0.8]
	at org.springframework.context.support.AbstractApplicationContext.finishBeanFactoryInitialization(AbstractApplicationContext.java:994) ~[spring-context-7.0.8.jar:7.0.8]
	at org.springframework.context.support.AbstractApplicationContext.refresh(AbstractApplicationContext.java:621) ~[spring-context-7.0.8.jar:7.0.8]
	at org.springframework.boot.web.server.servlet.context.ServletWebServerApplicationContext.refresh(ServletWebServerApplicationContext.java:143) ~[spring-boot-web-server-4.1.0.jar:4.1.0]
	at org.springframework.boot.SpringApplication.refresh(SpringApplication.java:756) ~[spring-boot-4.1.0.jar:4.1.0]
	at org.springframework.boot.SpringApplication.refreshContext(SpringApplication.java:445) ~[spring-boot-4.1.0.jar:4.1.0]
	at org.springframework.boot.SpringApplication.run(SpringApplication.java:321) ~[spring-boot-4.1.0.jar:4.1.0]
	at org.springframework.boot.SpringApplication.run(SpringApplication.java:1365) ~[spring-boot-4.1.0.jar:4.1.0]
	at org.springframework.boot.SpringApplication.run(SpringApplication.java:1354) ~[spring-boot-4.1.0.jar:4.1.0]
	at com.codequest.libralink.LibraLinkApplication.main(LibraLinkApplication.java:9) ~[classes/:na]
	at java.base/jdk.internal.reflect.DirectMethodHandleAccessor.invoke(DirectMethodHandleAccessor.java:104) ~[na:na]
	at java.base/java.lang.reflect.Method.invoke(Method.java:565) ~[na:na]
	at org.springframework.boot.devtools.restart.RestartLauncher.run(RestartLauncher.java:52) ~[spring-boot-devtools-4.1.0.jar:4.1.0]
Caused by: java.lang.IllegalStateException: Failed to introspect Class [com.codequest.libralink.controller.FineController] from ClassLoader [org.springframework.boot.devtools.restart.classloader.RestartClassLoader@6d9d9e05]
	at org.springframework.util.ReflectionUtils.getDeclaredMethods(ReflectionUtils.java:483) ~[spring-core-7.0.8.jar:7.0.8]
	at org.springframework.util.ReflectionUtils.doWithLocalMethods(ReflectionUtils.java:320) ~[spring-core-7.0.8.jar:7.0.8]
	at org.springframework.beans.factory.annotation.AutowiredAnnotationBeanPostProcessor.checkLookupMethods(AutowiredAnnotationBeanPostProcessor.java:460) ~[spring-beans-7.0.8.jar:7.0.8]
	... 24 common frames omitted
Caused by: java.lang.NoClassDefFoundError: com/codequest/libralink/entity/Fine
	at java.base/java.lang.Class.getDeclaredMethods0(Native Method) ~[na:na]
	at java.base/java.lang.Class.privateGetDeclaredMethods(Class.java:3010) ~[na:na]
	at java.base/java.lang.Class.getDeclaredMethods(Class.java:2329) ~[na:na]
	at org.springframework.util.ReflectionUtils.getDeclaredMethods(ReflectionUtils.java:465) ~[spring-core-7.0.8.jar:7.0.8]
	... 26 common frames omitted
Caused by: java.lang.ClassNotFoundException: com.codequest.libralink.entity.Fine
	at java.base/jdk.internal.loader.BuiltinClassLoader.loadClass(BuiltinClassLoader.java:580) ~[na:na]
	at java.base/java.lang.ClassLoader.loadClass(ClassLoader.java:490) ~[na:na]
	at java.base/java.lang.Class.forName0(Native Method) ~[na:na]
	at java.base/java.lang.Class.forName(Class.java:547) ~[na:na]
	at org.springframework.boot.devtools.restart.classloader.RestartClassLoader.loadClass(RestartClassLoader.java:123) ~[spring-boot-devtools-4.1.0.jar:4.1.0]
	at java.base/java.lang.ClassLoader.loadClass(ClassLoader.java:490) ~[na:na]
	... 30 common frames omitted


  .   ____          _            __ _ _
 /\\ / ___'_ __ _ _(_)_ __  __ _ \ \ \ \
( ( )\___ | '_ | '_| | '_ \/ _` | \ \ \ \
 \\/  ___)| |_)| | | | | || (_| |  ) ) ) )
  '  |____| .__|_| |_|_| |_\__, | / / / /
 =========|_|==============|___/=/_/_/_/

 :: Spring Boot ::                (v4.1.0)

2026-06-24T22:33:25.775-12:00  INFO 12460 --- [LibraLink] [  restartedMain] c.c.libralink.LibraLinkApplication       : Starting LibraLinkApplication using Java 25.0.1 with PID 12460 (C:\Users\HP\Downloads\LibraLink\Backend\target\classes started by HP in C:\Users\HP\Downloads\LibraLink\Backend)
2026-06-24T22:33:25.775-12:00  INFO 12460 --- [LibraLink] [  restartedMain] c.c.libralink.LibraLinkApplication       : No active profile set, falling back to 1 default profile: "default"
2026-06-24T22:33:26.296-12:00  INFO 12460 --- [LibraLink] [  restartedMain] .s.d.r.c.RepositoryConfigurationDelegate : Bootstrapping Spring Data JPA repositories in DEFAULT mode.
2026-06-24T22:33:26.414-12:00  INFO 12460 --- [LibraLink] [  restartedMain] .s.d.r.c.RepositoryConfigurationDelegate : Finished Spring Data repository scanning in 68 ms. Found 11 JPA repository interfaces.
2026-06-24T22:33:26.613-12:00  INFO 12460 --- [LibraLink] [  restartedMain] o.s.boot.tomcat.TomcatWebServer          : Tomcat initialized with port 8081 (http)
2026-06-24T22:33:26.664-12:00  INFO 12460 --- [LibraLink] [  restartedMain] o.apache.catalina.core.StandardService   : Starting service [Tomcat]
2026-06-24T22:33:26.665-12:00  INFO 12460 --- [LibraLink] [  restartedMain] o.apache.catalina.core.StandardEngine    : Starting Servlet engine: [Apache Tomcat/11.0.22]
2026-06-24T22:33:26.705-12:00  INFO 12460 --- [LibraLink] [  restartedMain] b.w.c.s.WebApplicationContextInitializer : Root WebApplicationContext: initialization completed in 927 ms
2026-06-24T22:33:26.778-12:00  INFO 12460 --- [LibraLink] [  restartedMain] org.hibernate.orm.jpa                    : HHH008540: Processing PersistenceUnitInfo [name: default]
2026-06-24T22:33:26.852-12:00  INFO 12460 --- [LibraLink] [  restartedMain] o.s.o.j.p.SpringPersistenceUnitInfo      : No LoadTimeWeaver setup: ignoring JPA class transformer
2026-06-24T22:33:26.854-12:00  WARN 12460 --- [LibraLink] [  restartedMain] org.hibernate.orm.deprecation            : HHH90000021: Encountered deprecated setting [hibernate.temp.use_jdbc_metadata_defaults], use [hibernate.boot.allow_jdbc_metadata_access] instead
2026-06-24T22:33:26.854-12:00  WARN 12460 --- [LibraLink] [  restartedMain] org.hibernate.orm.deprecation            : HHH90000025: PostgreSQLDialect does not need to be specified explicitly using 'hibernate.dialect' (remove the property setting and it will be selected by default)
2026-06-24T22:33:26.855-12:00  INFO 12460 --- [LibraLink] [  restartedMain] org.hibernate.orm.connections.pooling    : HHH10001005: Database info:
	Database JDBC URL [undefined/unknown]
	Database driver: undefined/unknown
	Database dialect: PostgreSQLDialect
	Database version: 14.0
	Default catalog/schema: unknown/unknown
	Autocommit mode: undefined/unknown
	Isolation level: <unknown>
	JDBC fetch size: undefined/unknown
	Pool: undefined/unknown
	Minimum pool size: undefined/unknown
	Maximum pool size: undefined/unknown
2026-06-24T22:33:27.528-12:00  INFO 12460 --- [LibraLink] [  restartedMain] org.hibernate.orm.core                   : HHH000489: No JTA platform available (set 'hibernate.transaction.jta.platform' to enable JTA platform integration)
2026-06-24T22:33:27.537-12:00  INFO 12460 --- [LibraLink] [  restartedMain] com.zaxxer.hikari.HikariDataSource       : HikariPool-5 - Starting...
2026-06-24T22:33:27.649-12:00  INFO 12460 --- [LibraLink] [  restartedMain] com.zaxxer.hikari.pool.HikariPool        : HikariPool-5 - Added connection org.postgresql.jdbc.PgConnection@4bdcf903
2026-06-24T22:33:27.656-12:00  INFO 12460 --- [LibraLink] [  restartedMain] com.zaxxer.hikari.HikariDataSource       : HikariPool-5 - Start completed.
2026-06-24T22:33:27.720-12:00  INFO 12460 --- [LibraLink] [  restartedMain] j.LocalContainerEntityManagerFactoryBean : Initialized JPA EntityManagerFactory for persistence unit 'default'
2026-06-24T22:33:28.245-12:00  WARN 12460 --- [LibraLink] [  restartedMain] JpaBaseConfiguration$JpaWebConfiguration : spring.jpa.open-in-view is enabled by default. Therefore, database queries may be performed during view rendering. Explicitly configure spring.jpa.open-in-view to disable this warning
2026-06-24T22:33:28.545-12:00  INFO 12460 --- [LibraLink] [  restartedMain] o.s.boot.tomcat.TomcatWebServer          : Tomcat started on port 8081 (http) with context path '/'
2026-06-24T22:33:28.597-12:00  INFO 12460 --- [LibraLink] [  restartedMain] c.c.libralink.LibraLinkApplication       : Started LibraLinkApplication in 2.921 seconds (process running for 1914.542)
2026-06-24T22:33:28.600-12:00  INFO 12460 --- [LibraLink] [  restartedMain] .ConditionEvaluationDeltaLoggingListener : Condition evaluation unchanged
2026-06-24T22:33:29.948-12:00  INFO 12460 --- [LibraLink] [   File Watcher] rtingClassPathChangeChangedEventListener : Restarting due to 43 class path changes (15 additions, 0 deletions, 28 modifications)
2026-06-24T22:33:29.997-12:00  INFO 12460 --- [LibraLink] [      Thread-13] o.s.boot.tomcat.GracefulShutdown         : Commencing graceful shutdown. Waiting for active requests to complete
2026-06-24T22:33:30.011-12:00  INFO 12460 --- [LibraLink] [tomcat-shutdown] o.s.boot.tomcat.GracefulShutdown         : Graceful shutdown complete
2026-06-24T22:33:30.018-12:00  INFO 12460 --- [LibraLink] [      Thread-13] j.LocalContainerEntityManagerFactoryBean : Closing JPA EntityManagerFactory for persistence unit 'default'
2026-06-24T22:33:30.020-12:00  INFO 12460 --- [LibraLink] [      Thread-13] com.zaxxer.hikari.HikariDataSource       : HikariPool-5 - Shutdown initiated...
2026-06-24T22:33:30.067-12:00  INFO 12460 --- [LibraLink] [      Thread-13] com.zaxxer.hikari.HikariDataSource       : HikariPool-5 - Shutdown completed.

  .   ____          _            __ _ _
 /\\ / ___'_ __ _ _(_)_ __  __ _ \ \ \ \
( ( )\___ | '_ | '_| | '_ \/ _` | \ \ \ \
 \\/  ___)| |_)| | | | | || (_| |  ) ) ) )
  '  |____| .__|_| |_|_| |_\__, | / / / /
 =========|_|==============|___/=/_/_/_/

 :: Spring Boot ::                (v4.1.0)

2026-06-24T22:33:30.293-12:00  INFO 12460 --- [LibraLink] [  restartedMain] c.c.libralink.LibraLinkApplication       : Starting LibraLinkApplication using Java 25.0.1 with PID 12460 (C:\Users\HP\Downloads\LibraLink\Backend\target\classes started by HP in C:\Users\HP\Downloads\LibraLink\Backend)
2026-06-24T22:33:30.295-12:00  INFO 12460 --- [LibraLink] [  restartedMain] c.c.libralink.LibraLinkApplication       : No active profile set, falling back to 1 default profile: "default"
2026-06-24T22:33:30.909-12:00  INFO 12460 --- [LibraLink] [  restartedMain] .s.d.r.c.RepositoryConfigurationDelegate : Bootstrapping Spring Data JPA repositories in DEFAULT mode.
2026-06-24T22:33:30.990-12:00  INFO 12460 --- [LibraLink] [  restartedMain] .s.d.r.c.RepositoryConfigurationDelegate : Finished Spring Data repository scanning in 77 ms. Found 14 JPA repository interfaces.
2026-06-24T22:33:31.174-12:00  INFO 12460 --- [LibraLink] [  restartedMain] o.s.boot.tomcat.TomcatWebServer          : Tomcat initialized with port 8081 (http)
2026-06-24T22:33:31.221-12:00  INFO 12460 --- [LibraLink] [  restartedMain] o.apache.catalina.core.StandardService   : Starting service [Tomcat]
2026-06-24T22:33:31.222-12:00  INFO 12460 --- [LibraLink] [  restartedMain] o.apache.catalina.core.StandardEngine    : Starting Servlet engine: [Apache Tomcat/11.0.22]
2026-06-24T22:33:31.268-12:00  INFO 12460 --- [LibraLink] [  restartedMain] b.w.c.s.WebApplicationContextInitializer : Root WebApplicationContext: initialization completed in 965 ms
2026-06-24T22:33:31.355-12:00  INFO 12460 --- [LibraLink] [  restartedMain] org.hibernate.orm.jpa                    : HHH008540: Processing PersistenceUnitInfo [name: default]
2026-06-24T22:33:31.495-12:00  INFO 12460 --- [LibraLink] [  restartedMain] o.s.o.j.p.SpringPersistenceUnitInfo      : No LoadTimeWeaver setup: ignoring JPA class transformer
2026-06-24T22:33:31.545-12:00  WARN 12460 --- [LibraLink] [  restartedMain] org.hibernate.orm.deprecation            : HHH90000021: Encountered deprecated setting [hibernate.temp.use_jdbc_metadata_defaults], use [hibernate.boot.allow_jdbc_metadata_access] instead
2026-06-24T22:33:31.546-12:00  WARN 12460 --- [LibraLink] [  restartedMain] org.hibernate.orm.deprecation            : HHH90000025: PostgreSQLDialect does not need to be specified explicitly using 'hibernate.dialect' (remove the property setting and it will be selected by default)
2026-06-24T22:33:31.546-12:00  INFO 12460 --- [LibraLink] [  restartedMain] org.hibernate.orm.connections.pooling    : HHH10001005: Database info:
	Database JDBC URL [undefined/unknown]
	Database driver: undefined/unknown
	Database dialect: PostgreSQLDialect
	Database version: 14.0
	Default catalog/schema: unknown/unknown
	Autocommit mode: undefined/unknown
	Isolation level: <unknown>
	JDBC fetch size: undefined/unknown
	Pool: undefined/unknown
	Minimum pool size: undefined/unknown
	Maximum pool size: undefined/unknown
2026-06-24T22:33:31.931-12:00  INFO 12460 --- [LibraLink] [  restartedMain] org.hibernate.orm.core                   : HHH000489: No JTA platform available (set 'hibernate.transaction.jta.platform' to enable JTA platform integration)
2026-06-24T22:33:31.936-12:00  INFO 12460 --- [LibraLink] [  restartedMain] com.zaxxer.hikari.HikariDataSource       : HikariPool-6 - Starting...
2026-06-24T22:33:32.053-12:00  INFO 12460 --- [LibraLink] [  restartedMain] com.zaxxer.hikari.pool.HikariPool        : HikariPool-6 - Added connection org.postgresql.jdbc.PgConnection@1c7e1988
2026-06-24T22:33:32.102-12:00  INFO 12460 --- [LibraLink] [  restartedMain] com.zaxxer.hikari.HikariDataSource       : HikariPool-6 - Start completed.
2026-06-24T22:33:32.183-12:00  INFO 12460 --- [LibraLink] [  restartedMain] j.LocalContainerEntityManagerFactoryBean : Initialized JPA EntityManagerFactory for persistence unit 'default'
2026-06-24T22:33:32.464-12:00  WARN 12460 --- [LibraLink] [  restartedMain] ConfigServletWebServerApplicationContext : Exception encountered during context initialization - cancelling refresh attempt: org.springframework.beans.factory.BeanCreationException: Error creating bean with name 'fineController': Lookup method resolution failed
2026-06-24T22:33:32.465-12:00  INFO 12460 --- [LibraLink] [  restartedMain] j.LocalContainerEntityManagerFactoryBean : Closing JPA EntityManagerFactory for persistence unit 'default'
2026-06-24T22:33:32.467-12:00  INFO 12460 --- [LibraLink] [  restartedMain] com.zaxxer.hikari.HikariDataSource       : HikariPool-6 - Shutdown initiated...
2026-06-24T22:33:32.477-12:00  INFO 12460 --- [LibraLink] [  restartedMain] com.zaxxer.hikari.HikariDataSource       : HikariPool-6 - Shutdown completed.
2026-06-24T22:33:32.480-12:00  INFO 12460 --- [LibraLink] [  restartedMain] o.apache.catalina.core.StandardService   : Stopping service [Tomcat]
2026-06-24T22:33:32.491-12:00  INFO 12460 --- [LibraLink] [  restartedMain] .s.b.a.l.ConditionEvaluationReportLogger : 

Error starting ApplicationContext. To display the condition evaluation report re-run your application with 'debug' enabled.
2026-06-24T22:33:32.504-12:00 ERROR 12460 --- [LibraLink] [  restartedMain] o.s.boot.SpringApplication               : Application run failed

org.springframework.beans.factory.BeanCreationException: Error creating bean with name 'fineController': Lookup method resolution failed
	at org.springframework.beans.factory.annotation.AutowiredAnnotationBeanPostProcessor.checkLookupMethods(AutowiredAnnotationBeanPostProcessor.java:482) ~[spring-beans-7.0.8.jar:7.0.8]
	at org.springframework.beans.factory.annotation.AutowiredAnnotationBeanPostProcessor.determineCandidateConstructors(AutowiredAnnotationBeanPostProcessor.java:352) ~[spring-beans-7.0.8.jar:7.0.8]
	at org.springframework.beans.factory.support.AbstractAutowireCapableBeanFactory.determineConstructorsFromBeanPostProcessors(AbstractAutowireCapableBeanFactory.java:1319) ~[spring-beans-7.0.8.jar:7.0.8]
	at org.springframework.beans.factory.support.AbstractAutowireCapableBeanFactory.createBeanInstance(AbstractAutowireCapableBeanFactory.java:1216) ~[spring-beans-7.0.8.jar:7.0.8]
	at org.springframework.beans.factory.support.AbstractAutowireCapableBeanFactory.doCreateBean(AbstractAutowireCapableBeanFactory.java:565) ~[spring-beans-7.0.8.jar:7.0.8]
	at org.springframework.beans.factory.support.AbstractAutowireCapableBeanFactory.createBean(AbstractAutowireCapableBeanFactory.java:525) ~[spring-beans-7.0.8.jar:7.0.8]
	at org.springframework.beans.factory.support.AbstractBeanFactory.lambda$doGetBean$0(AbstractBeanFactory.java:333) ~[spring-beans-7.0.8.jar:7.0.8]
	at org.springframework.beans.factory.support.DefaultSingletonBeanRegistry.getSingleton(DefaultSingletonBeanRegistry.java:371) ~[spring-beans-7.0.8.jar:7.0.8]
	at org.springframework.beans.factory.support.AbstractBeanFactory.doGetBean(AbstractBeanFactory.java:331) ~[spring-beans-7.0.8.jar:7.0.8]
	at org.springframework.beans.factory.support.AbstractBeanFactory.getBean(AbstractBeanFactory.java:196) ~[spring-beans-7.0.8.jar:7.0.8]
	at org.springframework.beans.factory.support.DefaultListableBeanFactory.instantiateSingleton(DefaultListableBeanFactory.java:1225) ~[spring-beans-7.0.8.jar:7.0.8]
	at org.springframework.beans.factory.support.DefaultListableBeanFactory.preInstantiateSingleton(DefaultListableBeanFactory.java:1191) ~[spring-beans-7.0.8.jar:7.0.8]
	at org.springframework.beans.factory.support.DefaultListableBeanFactory.preInstantiateSingletons(DefaultListableBeanFactory.java:1121) ~[spring-beans-7.0.8.jar:7.0.8]
	at org.springframework.context.support.AbstractApplicationContext.finishBeanFactoryInitialization(AbstractApplicationContext.java:994) ~[spring-context-7.0.8.jar:7.0.8]
	at org.springframework.context.support.AbstractApplicationContext.refresh(AbstractApplicationContext.java:621) ~[spring-context-7.0.8.jar:7.0.8]
	at org.springframework.boot.web.server.servlet.context.ServletWebServerApplicationContext.refresh(ServletWebServerApplicationContext.java:143) ~[spring-boot-web-server-4.1.0.jar:4.1.0]
	at org.springframework.boot.SpringApplication.refresh(SpringApplication.java:756) ~[spring-boot-4.1.0.jar:4.1.0]
	at org.springframework.boot.SpringApplication.refreshContext(SpringApplication.java:445) ~[spring-boot-4.1.0.jar:4.1.0]
	at org.springframework.boot.SpringApplication.run(SpringApplication.java:321) ~[spring-boot-4.1.0.jar:4.1.0]
	at org.springframework.boot.SpringApplication.run(SpringApplication.java:1365) ~[spring-boot-4.1.0.jar:4.1.0]
	at org.springframework.boot.SpringApplication.run(SpringApplication.java:1354) ~[spring-boot-4.1.0.jar:4.1.0]
	at com.codequest.libralink.LibraLinkApplication.main(LibraLinkApplication.java:9) ~[classes/:na]
	at java.base/jdk.internal.reflect.DirectMethodHandleAccessor.invoke(DirectMethodHandleAccessor.java:104) ~[na:na]
	at java.base/java.lang.reflect.Method.invoke(Method.java:565) ~[na:na]
	at org.springframework.boot.devtools.restart.RestartLauncher.run(RestartLauncher.java:52) ~[spring-boot-devtools-4.1.0.jar:4.1.0]
Caused by: java.lang.IllegalStateException: Failed to introspect Class [com.codequest.libralink.controller.FineController] from ClassLoader [org.springframework.boot.devtools.restart.classloader.RestartClassLoader@238d179a]
	at org.springframework.util.ReflectionUtils.getDeclaredMethods(ReflectionUtils.java:483) ~[spring-core-7.0.8.jar:7.0.8]
	at org.springframework.util.ReflectionUtils.doWithLocalMethods(ReflectionUtils.java:320) ~[spring-core-7.0.8.jar:7.0.8]
	at org.springframework.beans.factory.annotation.AutowiredAnnotationBeanPostProcessor.checkLookupMethods(AutowiredAnnotationBeanPostProcessor.java:460) ~[spring-beans-7.0.8.jar:7.0.8]
	... 24 common frames omitted
Caused by: java.lang.NoClassDefFoundError: com/codequest/libralink/entity/Fine
	at java.base/java.lang.Class.getDeclaredMethods0(Native Method) ~[na:na]
	at java.base/java.lang.Class.privateGetDeclaredMethods(Class.java:3010) ~[na:na]
	at java.base/java.lang.Class.getDeclaredMethods(Class.java:2329) ~[na:na]
	at org.springframework.util.ReflectionUtils.getDeclaredMethods(ReflectionUtils.java:465) ~[spring-core-7.0.8.jar:7.0.8]
	... 26 common frames omitted
Caused by: java.lang.ClassNotFoundException: com.codequest.libralink.entity.Fine
	at java.base/jdk.internal.loader.BuiltinClassLoader.loadClass(BuiltinClassLoader.java:580) ~[na:na]
	at java.base/java.lang.ClassLoader.loadClass(ClassLoader.java:490) ~[na:na]
	at java.base/java.lang.Class.forName0(Native Method) ~[na:na]
	at java.base/java.lang.Class.forName(Class.java:547) ~[na:na]
	at org.springframework.boot.devtools.restart.classloader.RestartClassLoader.loadClass(RestartClassLoader.java:123) ~[spring-boot-devtools-4.1.0.jar:4.1.0]
	at java.base/java.lang.ClassLoader.loadClass(ClassLoader.java:490) ~[na:na]
	... 30 common frames omitted


  .   ____          _            __ _ _
 /\\ / ___'_ __ _ _(_)_ __  __ _ \ \ \ \
( ( )\___ | '_ | '_| | '_ \/ _` | \ \ \ \
 \\/  ___)| |_)| | | | | || (_| |  ) ) ) )
  '  |____| .__|_| |_|_| |_\__, | / / / /
 =========|_|==============|___/=/_/_/_/

 :: Spring Boot ::                (v4.1.0)

2026-06-24T22:34:07.327-12:00  INFO 12460 --- [LibraLink] [  restartedMain] c.c.libralink.LibraLinkApplication       : Starting LibraLinkApplication using Java 25.0.1 with PID 12460 (C:\Users\HP\Downloads\LibraLink\Backend\target\classes started by HP in C:\Users\HP\Downloads\LibraLink\Backend)
2026-06-24T22:34:07.328-12:00  INFO 12460 --- [LibraLink] [  restartedMain] c.c.libralink.LibraLinkApplication       : No active profile set, falling back to 1 default profile: "default"
2026-06-24T22:34:07.618-12:00  INFO 12460 --- [LibraLink] [  restartedMain] .s.d.r.c.RepositoryConfigurationDelegate : Bootstrapping Spring Data JPA repositories in DEFAULT mode.
2026-06-24T22:34:07.706-12:00  INFO 12460 --- [LibraLink] [  restartedMain] .s.d.r.c.RepositoryConfigurationDelegate : Finished Spring Data repository scanning in 39 ms. Found 11 JPA repository interfaces.
2026-06-24T22:34:07.829-12:00  INFO 12460 --- [LibraLink] [  restartedMain] o.s.boot.tomcat.TomcatWebServer          : Tomcat initialized with port 8081 (http)
2026-06-24T22:34:07.877-12:00  INFO 12460 --- [LibraLink] [  restartedMain] o.apache.catalina.core.StandardService   : Starting service [Tomcat]
2026-06-24T22:34:07.877-12:00  INFO 12460 --- [LibraLink] [  restartedMain] o.apache.catalina.core.StandardEngine    : Starting Servlet engine: [Apache Tomcat/11.0.22]
2026-06-24T22:34:07.912-12:00  INFO 12460 --- [LibraLink] [  restartedMain] b.w.c.s.WebApplicationContextInitializer : Root WebApplicationContext: initialization completed in 581 ms
2026-06-24T22:34:07.981-12:00  INFO 12460 --- [LibraLink] [  restartedMain] org.hibernate.orm.jpa                    : HHH008540: Processing PersistenceUnitInfo [name: default]
2026-06-24T22:34:08.053-12:00  INFO 12460 --- [LibraLink] [  restartedMain] o.s.o.j.p.SpringPersistenceUnitInfo      : No LoadTimeWeaver setup: ignoring JPA class transformer
2026-06-24T22:34:08.054-12:00  WARN 12460 --- [LibraLink] [  restartedMain] org.hibernate.orm.deprecation            : HHH90000021: Encountered deprecated setting [hibernate.temp.use_jdbc_metadata_defaults], use [hibernate.boot.allow_jdbc_metadata_access] instead
2026-06-24T22:34:08.055-12:00  WARN 12460 --- [LibraLink] [  restartedMain] org.hibernate.orm.deprecation            : HHH90000025: PostgreSQLDialect does not need to be specified explicitly using 'hibernate.dialect' (remove the property setting and it will be selected by default)
2026-06-24T22:34:08.056-12:00  INFO 12460 --- [LibraLink] [  restartedMain] org.hibernate.orm.connections.pooling    : HHH10001005: Database info:
	Database JDBC URL [undefined/unknown]
	Database driver: undefined/unknown
	Database dialect: PostgreSQLDialect
	Database version: 14.0
	Default catalog/schema: unknown/unknown
	Autocommit mode: undefined/unknown
	Isolation level: <unknown>
	JDBC fetch size: undefined/unknown
	Pool: undefined/unknown
	Minimum pool size: undefined/unknown
	Maximum pool size: undefined/unknown
2026-06-24T22:34:08.379-12:00  INFO 12460 --- [LibraLink] [  restartedMain] org.hibernate.orm.core                   : HHH000489: No JTA platform available (set 'hibernate.transaction.jta.platform' to enable JTA platform integration)
2026-06-24T22:34:08.429-12:00  INFO 12460 --- [LibraLink] [  restartedMain] com.zaxxer.hikari.HikariDataSource       : HikariPool-7 - Starting...
2026-06-24T22:34:08.519-12:00  INFO 12460 --- [LibraLink] [  restartedMain] com.zaxxer.hikari.pool.HikariPool        : HikariPool-7 - Added connection org.postgresql.jdbc.PgConnection@20e27427
2026-06-24T22:34:08.520-12:00  INFO 12460 --- [LibraLink] [  restartedMain] com.zaxxer.hikari.HikariDataSource       : HikariPool-7 - Start completed.
2026-06-24T22:34:08.570-12:00  INFO 12460 --- [LibraLink] [  restartedMain] j.LocalContainerEntityManagerFactoryBean : Initialized JPA EntityManagerFactory for persistence unit 'default'
2026-06-24T22:34:08.897-12:00  WARN 12460 --- [LibraLink] [  restartedMain] JpaBaseConfiguration$JpaWebConfiguration : spring.jpa.open-in-view is enabled by default. Therefore, database queries may be performed during view rendering. Explicitly configure spring.jpa.open-in-view to disable this warning
2026-06-24T22:34:09.229-12:00  INFO 12460 --- [LibraLink] [  restartedMain] o.s.boot.tomcat.TomcatWebServer          : Tomcat started on port 8081 (http) with context path '/'
2026-06-24T22:34:09.280-12:00  INFO 12460 --- [LibraLink] [  restartedMain] c.c.libralink.LibraLinkApplication       : Started LibraLinkApplication in 1.997 seconds (process running for 1955.224)
2026-06-24T22:34:09.281-12:00  INFO 12460 --- [LibraLink] [  restartedMain] .ConditionEvaluationDeltaLoggingListener : Condition evaluation unchanged
2026-06-24T22:34:10.708-12:00  INFO 12460 --- [LibraLink] [   File Watcher] rtingClassPathChangeChangedEventListener : Restarting due to 43 class path changes (15 additions, 0 deletions, 28 modifications)
2026-06-24T22:34:10.762-12:00  INFO 12460 --- [LibraLink] [      Thread-20] o.s.boot.tomcat.GracefulShutdown         : Commencing graceful shutdown. Waiting for active requests to complete
2026-06-24T22:34:10.780-12:00  INFO 12460 --- [LibraLink] [tomcat-shutdown] o.s.boot.tomcat.GracefulShutdown         : Graceful shutdown complete
2026-06-24T22:34:10.786-12:00  INFO 12460 --- [LibraLink] [      Thread-20] j.LocalContainerEntityManagerFactoryBean : Closing JPA EntityManagerFactory for persistence unit 'default'
2026-06-24T22:34:10.788-12:00  INFO 12460 --- [LibraLink] [      Thread-20] com.zaxxer.hikari.HikariDataSource       : HikariPool-7 - Shutdown initiated...
2026-06-24T22:34:10.906-12:00  INFO 12460 --- [LibraLink] [      Thread-20] com.zaxxer.hikari.HikariDataSource       : HikariPool-7 - Shutdown completed.

  .   ____          _            __ _ _
 /\\ / ___'_ __ _ _(_)_ __  __ _ \ \ \ \
( ( )\___ | '_ | '_| | '_ \/ _` | \ \ \ \
 \\/  ___)| |_)| | | | | || (_| |  ) ) ) )
  '  |____| .__|_| |_|_| |_\__, | / / / /
 =========|_|==============|___/=/_/_/_/

 :: Spring Boot ::                (v4.1.0)

2026-06-24T22:34:11.124-12:00  INFO 12460 --- [LibraLink] [  restartedMain] c.c.libralink.LibraLinkApplication       : Starting LibraLinkApplication using Java 25.0.1 with PID 12460 (C:\Users\HP\Downloads\LibraLink\Backend\target\classes started by HP in C:\Users\HP\Downloads\LibraLink\Backend)
2026-06-24T22:34:11.125-12:00  INFO 12460 --- [LibraLink] [  restartedMain] c.c.libralink.LibraLinkApplication       : No active profile set, falling back to 1 default profile: "default"
2026-06-24T22:34:11.844-12:00  INFO 12460 --- [LibraLink] [  restartedMain] .s.d.r.c.RepositoryConfigurationDelegate : Bootstrapping Spring Data JPA repositories in DEFAULT mode.
2026-06-24T22:34:11.960-12:00  INFO 12460 --- [LibraLink] [  restartedMain] .s.d.r.c.RepositoryConfigurationDelegate : Finished Spring Data repository scanning in 66 ms. Found 14 JPA repository interfaces.
2026-06-24T22:34:12.166-12:00  INFO 12460 --- [LibraLink] [  restartedMain] o.s.boot.tomcat.TomcatWebServer          : Tomcat initialized with port 8081 (http)
2026-06-24T22:34:12.214-12:00  INFO 12460 --- [LibraLink] [  restartedMain] o.apache.catalina.core.StandardService   : Starting service [Tomcat]
2026-06-24T22:34:12.215-12:00  INFO 12460 --- [LibraLink] [  restartedMain] o.apache.catalina.core.StandardEngine    : Starting Servlet engine: [Apache Tomcat/11.0.22]
2026-06-24T22:34:12.283-12:00  INFO 12460 --- [LibraLink] [  restartedMain] b.w.c.s.WebApplicationContextInitializer : Root WebApplicationContext: initialization completed in 1153 ms
2026-06-24T22:34:12.414-12:00  INFO 12460 --- [LibraLink] [  restartedMain] org.hibernate.orm.jpa                    : HHH008540: Processing PersistenceUnitInfo [name: default]
2026-06-24T22:34:12.599-12:00  INFO 12460 --- [LibraLink] [  restartedMain] o.s.o.j.p.SpringPersistenceUnitInfo      : No LoadTimeWeaver setup: ignoring JPA class transformer
2026-06-24T22:34:12.649-12:00  WARN 12460 --- [LibraLink] [  restartedMain] org.hibernate.orm.deprecation            : HHH90000021: Encountered deprecated setting [hibernate.temp.use_jdbc_metadata_defaults], use [hibernate.boot.allow_jdbc_metadata_access] instead
2026-06-24T22:34:12.651-12:00  WARN 12460 --- [LibraLink] [  restartedMain] org.hibernate.orm.deprecation            : HHH90000025: PostgreSQLDialect does not need to be specified explicitly using 'hibernate.dialect' (remove the property setting and it will be selected by default)
2026-06-24T22:34:12.652-12:00  INFO 12460 --- [LibraLink] [  restartedMain] org.hibernate.orm.connections.pooling    : HHH10001005: Database info:
	Database JDBC URL [undefined/unknown]
	Database driver: undefined/unknown
	Database dialect: PostgreSQLDialect
	Database version: 14.0
	Default catalog/schema: unknown/unknown
	Autocommit mode: undefined/unknown
	Isolation level: <unknown>
	JDBC fetch size: undefined/unknown
	Pool: undefined/unknown
	Minimum pool size: undefined/unknown
	Maximum pool size: undefined/unknown
2026-06-24T22:34:12.994-12:00  INFO 12460 --- [LibraLink] [  restartedMain] org.hibernate.orm.core                   : HHH000489: No JTA platform available (set 'hibernate.transaction.jta.platform' to enable JTA platform integration)
2026-06-24T22:34:13.047-12:00  INFO 12460 --- [LibraLink] [  restartedMain] com.zaxxer.hikari.HikariDataSource       : HikariPool-8 - Starting...
2026-06-24T22:34:13.219-12:00  INFO 12460 --- [LibraLink] [  restartedMain] com.zaxxer.hikari.pool.HikariPool        : HikariPool-8 - Added connection org.postgresql.jdbc.PgConnection@2a9b75b0
2026-06-24T22:34:13.266-12:00  INFO 12460 --- [LibraLink] [  restartedMain] com.zaxxer.hikari.HikariDataSource       : HikariPool-8 - Start completed.
2026-06-24T22:34:13.360-12:00  INFO 12460 --- [LibraLink] [  restartedMain] j.LocalContainerEntityManagerFactoryBean : Initialized JPA EntityManagerFactory for persistence unit 'default'
2026-06-24T22:34:13.723-12:00  WARN 12460 --- [LibraLink] [  restartedMain] ConfigServletWebServerApplicationContext : Exception encountered during context initialization - cancelling refresh attempt: org.springframework.beans.factory.BeanCreationException: Error creating bean with name 'fineController': Lookup method resolution failed
2026-06-24T22:34:13.724-12:00  INFO 12460 --- [LibraLink] [  restartedMain] j.LocalContainerEntityManagerFactoryBean : Closing JPA EntityManagerFactory for persistence unit 'default'
2026-06-24T22:34:13.726-12:00  INFO 12460 --- [LibraLink] [  restartedMain] com.zaxxer.hikari.HikariDataSource       : HikariPool-8 - Shutdown initiated...
2026-06-24T22:34:13.833-12:00  INFO 12460 --- [LibraLink] [  restartedMain] com.zaxxer.hikari.HikariDataSource       : HikariPool-8 - Shutdown completed.
2026-06-24T22:34:13.834-12:00  INFO 12460 --- [LibraLink] [  restartedMain] o.apache.catalina.core.StandardService   : Stopping service [Tomcat]
2026-06-24T22:34:13.842-12:00  INFO 12460 --- [LibraLink] [  restartedMain] .s.b.a.l.ConditionEvaluationReportLogger : 

Error starting ApplicationContext. To display the condition evaluation report re-run your application with 'debug' enabled.
2026-06-24T22:34:13.850-12:00 ERROR 12460 --- [LibraLink] [  restartedMain] o.s.boot.SpringApplication               : Application run failed

org.springframework.beans.factory.BeanCreationException: Error creating bean with name 'fineController': Lookup method resolution failed
	at org.springframework.beans.factory.annotation.AutowiredAnnotationBeanPostProcessor.checkLookupMethods(AutowiredAnnotationBeanPostProcessor.java:482) ~[spring-beans-7.0.8.jar:7.0.8]
	at org.springframework.beans.factory.annotation.AutowiredAnnotationBeanPostProcessor.determineCandidateConstructors(AutowiredAnnotationBeanPostProcessor.java:352) ~[spring-beans-7.0.8.jar:7.0.8]
	at org.springframework.beans.factory.support.AbstractAutowireCapableBeanFactory.determineConstructorsFromBeanPostProcessors(AbstractAutowireCapableBeanFactory.java:1319) ~[spring-beans-7.0.8.jar:7.0.8]
	at org.springframework.beans.factory.support.AbstractAutowireCapableBeanFactory.createBeanInstance(AbstractAutowireCapableBeanFactory.java:1216) ~[spring-beans-7.0.8.jar:7.0.8]
	at org.springframework.beans.factory.support.AbstractAutowireCapableBeanFactory.doCreateBean(AbstractAutowireCapableBeanFactory.java:565) ~[spring-beans-7.0.8.jar:7.0.8]
	at org.springframework.beans.factory.support.AbstractAutowireCapableBeanFactory.createBean(AbstractAutowireCapableBeanFactory.java:525) ~[spring-beans-7.0.8.jar:7.0.8]
	at org.springframework.beans.factory.support.AbstractBeanFactory.lambda$doGetBean$0(AbstractBeanFactory.java:333) ~[spring-beans-7.0.8.jar:7.0.8]
	at org.springframework.beans.factory.support.DefaultSingletonBeanRegistry.getSingleton(DefaultSingletonBeanRegistry.java:371) ~[spring-beans-7.0.8.jar:7.0.8]
	at org.springframework.beans.factory.support.AbstractBeanFactory.doGetBean(AbstractBeanFactory.java:331) ~[spring-beans-7.0.8.jar:7.0.8]
	at org.springframework.beans.factory.support.AbstractBeanFactory.getBean(AbstractBeanFactory.java:196) ~[spring-beans-7.0.8.jar:7.0.8]
	at org.springframework.beans.factory.support.DefaultListableBeanFactory.instantiateSingleton(DefaultListableBeanFactory.java:1225) ~[spring-beans-7.0.8.jar:7.0.8]
	at org.springframework.beans.factory.support.DefaultListableBeanFactory.preInstantiateSingleton(DefaultListableBeanFactory.java:1191) ~[spring-beans-7.0.8.jar:7.0.8]
	at org.springframework.beans.factory.support.DefaultListableBeanFactory.preInstantiateSingletons(DefaultListableBeanFactory.java:1121) ~[spring-beans-7.0.8.jar:7.0.8]
	at org.springframework.context.support.AbstractApplicationContext.finishBeanFactoryInitialization(AbstractApplicationContext.java:994) ~[spring-context-7.0.8.jar:7.0.8]
	at org.springframework.context.support.AbstractApplicationContext.refresh(AbstractApplicationContext.java:621) ~[spring-context-7.0.8.jar:7.0.8]
	at org.springframework.boot.web.server.servlet.context.ServletWebServerApplicationContext.refresh(ServletWebServerApplicationContext.java:143) ~[spring-boot-web-server-4.1.0.jar:4.1.0]
	at org.springframework.boot.SpringApplication.refresh(SpringApplication.java:756) ~[spring-boot-4.1.0.jar:4.1.0]
	at org.springframework.boot.SpringApplication.refreshContext(SpringApplication.java:445) ~[spring-boot-4.1.0.jar:4.1.0]
	at org.springframework.boot.SpringApplication.run(SpringApplication.java:321) ~[spring-boot-4.1.0.jar:4.1.0]
	at org.springframework.boot.SpringApplication.run(SpringApplication.java:1365) ~[spring-boot-4.1.0.jar:4.1.0]
	at org.springframework.boot.SpringApplication.run(SpringApplication.java:1354) ~[spring-boot-4.1.0.jar:4.1.0]
	at com.codequest.libralink.LibraLinkApplication.main(LibraLinkApplication.java:9) ~[classes/:na]
	at java.base/jdk.internal.reflect.DirectMethodHandleAccessor.invoke(DirectMethodHandleAccessor.java:104) ~[na:na]
	at java.base/java.lang.reflect.Method.invoke(Method.java:565) ~[na:na]
	at org.springframework.boot.devtools.restart.RestartLauncher.run(RestartLauncher.java:52) ~[spring-boot-devtools-4.1.0.jar:4.1.0]
Caused by: java.lang.IllegalStateException: Failed to introspect Class [com.codequest.libralink.controller.FineController] from ClassLoader [org.springframework.boot.devtools.restart.classloader.RestartClassLoader@b388ba8]
	at org.springframework.util.ReflectionUtils.getDeclaredMethods(ReflectionUtils.java:483) ~[spring-core-7.0.8.jar:7.0.8]
	at org.springframework.util.ReflectionUtils.doWithLocalMethods(ReflectionUtils.java:320) ~[spring-core-7.0.8.jar:7.0.8]
	at org.springframework.beans.factory.annotation.AutowiredAnnotationBeanPostProcessor.checkLookupMethods(AutowiredAnnotationBeanPostProcessor.java:460) ~[spring-beans-7.0.8.jar:7.0.8]
	... 24 common frames omitted
Caused by: java.lang.NoClassDefFoundError: com/codequest/libralink/entity/Fine
	at java.base/java.lang.Class.getDeclaredMethods0(Native Method) ~[na:na]
	at java.base/java.lang.Class.privateGetDeclaredMethods(Class.java:3010) ~[na:na]
	at java.base/java.lang.Class.getDeclaredMethods(Class.java:2329) ~[na:na]
	at org.springframework.util.ReflectionUtils.getDeclaredMethods(ReflectionUtils.java:465) ~[spring-core-7.0.8.jar:7.0.8]
	... 26 common frames omitted
Caused by: java.lang.ClassNotFoundException: com.codequest.libralink.entity.Fine
	at java.base/jdk.internal.loader.BuiltinClassLoader.loadClass(BuiltinClassLoader.java:580) ~[na:na]
	at java.base/java.lang.ClassLoader.loadClass(ClassLoader.java:490) ~[na:na]
	at java.base/java.lang.Class.forName0(Native Method) ~[na:na]
	at java.base/java.lang.Class.forName(Class.java:547) ~[na:na]
	at org.springframework.boot.devtools.restart.classloader.RestartClassLoader.loadClass(RestartClassLoader.java:123) ~[spring-boot-devtools-4.1.0.jar:4.1.0]
	at java.base/java.lang.ClassLoader.loadClass(ClassLoader.java:490) ~[na:na]
	... 30 common frames omitted


  .   ____          _            __ _ _
 /\\ / ___'_ __ _ _(_)_ __  __ _ \ \ \ \
( ( )\___ | '_ | '_| | '_ \/ _` | \ \ \ \
 \\/  ___)| |_)| | | | | || (_| |  ) ) ) )
  '  |____| .__|_| |_|_| |_\__, | / / / /
 =========|_|==============|___/=/_/_/_/

 :: Spring Boot ::                (v4.1.0)

2026-06-24T22:34:50.768-12:00  INFO 12460 --- [LibraLink] [  restartedMain] c.c.libralink.LibraLinkApplication       : Starting LibraLinkApplication using Java 25.0.1 with PID 12460 (C:\Users\HP\Downloads\LibraLink\Backend\target\classes started by HP in C:\Users\HP\Downloads\LibraLink\Backend)
2026-06-24T22:34:50.770-12:00  INFO 12460 --- [LibraLink] [  restartedMain] c.c.libralink.LibraLinkApplication       : No active profile set, falling back to 1 default profile: "default"
2026-06-24T22:34:51.045-12:00  INFO 12460 --- [LibraLink] [  restartedMain] .s.d.r.c.RepositoryConfigurationDelegate : Bootstrapping Spring Data JPA repositories in DEFAULT mode.
2026-06-24T22:34:51.128-12:00  INFO 12460 --- [LibraLink] [  restartedMain] .s.d.r.c.RepositoryConfigurationDelegate : Finished Spring Data repository scanning in 33 ms. Found 11 JPA repository interfaces.
2026-06-24T22:34:51.264-12:00  INFO 12460 --- [LibraLink] [  restartedMain] o.s.boot.tomcat.TomcatWebServer          : Tomcat initialized with port 8081 (http)
2026-06-24T22:34:51.311-12:00  INFO 12460 --- [LibraLink] [  restartedMain] o.apache.catalina.core.StandardService   : Starting service [Tomcat]
2026-06-24T22:34:51.312-12:00  INFO 12460 --- [LibraLink] [  restartedMain] o.apache.catalina.core.StandardEngine    : Starting Servlet engine: [Apache Tomcat/11.0.22]
2026-06-24T22:34:51.352-12:00  INFO 12460 --- [LibraLink] [  restartedMain] b.w.c.s.WebApplicationContextInitializer : Root WebApplicationContext: initialization completed in 580 ms
2026-06-24T22:34:51.433-12:00  INFO 12460 --- [LibraLink] [  restartedMain] org.hibernate.orm.jpa                    : HHH008540: Processing PersistenceUnitInfo [name: default]
2026-06-24T22:34:51.513-12:00  INFO 12460 --- [LibraLink] [  restartedMain] o.s.o.j.p.SpringPersistenceUnitInfo      : No LoadTimeWeaver setup: ignoring JPA class transformer
2026-06-24T22:34:51.515-12:00  WARN 12460 --- [LibraLink] [  restartedMain] org.hibernate.orm.deprecation            : HHH90000021: Encountered deprecated setting [hibernate.temp.use_jdbc_metadata_defaults], use [hibernate.boot.allow_jdbc_metadata_access] instead
2026-06-24T22:34:51.515-12:00  WARN 12460 --- [LibraLink] [  restartedMain] org.hibernate.orm.deprecation            : HHH90000025: PostgreSQLDialect does not need to be specified explicitly using 'hibernate.dialect' (remove the property setting and it will be selected by default)
2026-06-24T22:34:51.516-12:00  INFO 12460 --- [LibraLink] [  restartedMain] org.hibernate.orm.connections.pooling    : HHH10001005: Database info:
	Database JDBC URL [undefined/unknown]
	Database driver: undefined/unknown
	Database dialect: PostgreSQLDialect
	Database version: 14.0
	Default catalog/schema: unknown/unknown
	Autocommit mode: undefined/unknown
	Isolation level: <unknown>
	JDBC fetch size: undefined/unknown
	Pool: undefined/unknown
	Minimum pool size: undefined/unknown
	Maximum pool size: undefined/unknown
2026-06-24T22:34:51.860-12:00  INFO 12460 --- [LibraLink] [  restartedMain] org.hibernate.orm.core                   : HHH000489: No JTA platform available (set 'hibernate.transaction.jta.platform' to enable JTA platform integration)
2026-06-24T22:34:51.868-12:00  INFO 12460 --- [LibraLink] [  restartedMain] com.zaxxer.hikari.HikariDataSource       : HikariPool-9 - Starting...
2026-06-24T22:34:51.962-12:00  INFO 12460 --- [LibraLink] [  restartedMain] com.zaxxer.hikari.pool.HikariPool        : HikariPool-9 - Added connection org.postgresql.jdbc.PgConnection@1d0e4ce1
2026-06-24T22:34:51.963-12:00  INFO 12460 --- [LibraLink] [  restartedMain] com.zaxxer.hikari.HikariDataSource       : HikariPool-9 - Start completed.
2026-06-24T22:34:52.017-12:00  INFO 12460 --- [LibraLink] [  restartedMain] j.LocalContainerEntityManagerFactoryBean : Initialized JPA EntityManagerFactory for persistence unit 'default'
2026-06-24T22:34:52.408-12:00  WARN 12460 --- [LibraLink] [  restartedMain] JpaBaseConfiguration$JpaWebConfiguration : spring.jpa.open-in-view is enabled by default. Therefore, database queries may be performed during view rendering. Explicitly configure spring.jpa.open-in-view to disable this warning
2026-06-24T22:34:52.655-12:00  INFO 12460 --- [LibraLink] [  restartedMain] o.s.boot.tomcat.TomcatWebServer          : Tomcat started on port 8081 (http) with context path '/'
2026-06-24T22:34:52.705-12:00  INFO 12460 --- [LibraLink] [  restartedMain] c.c.libralink.LibraLinkApplication       : Started LibraLinkApplication in 2.022 seconds (process running for 1998.649)
2026-06-24T22:34:52.706-12:00  INFO 12460 --- [LibraLink] [  restartedMain] .ConditionEvaluationDeltaLoggingListener : Condition evaluation unchanged
2026-06-24T22:34:54.114-12:00  INFO 12460 --- [LibraLink] [   File Watcher] rtingClassPathChangeChangedEventListener : Restarting due to 43 class path changes (15 additions, 0 deletions, 28 modifications)
2026-06-24T22:34:54.117-12:00  INFO 12460 --- [LibraLink] [      Thread-27] o.s.boot.tomcat.GracefulShutdown         : Commencing graceful shutdown. Waiting for active requests to complete
2026-06-24T22:34:54.131-12:00  INFO 12460 --- [LibraLink] [tomcat-shutdown] o.s.boot.tomcat.GracefulShutdown         : Graceful shutdown complete
2026-06-24T22:34:54.136-12:00  INFO 12460 --- [LibraLink] [      Thread-27] j.LocalContainerEntityManagerFactoryBean : Closing JPA EntityManagerFactory for persistence unit 'default'
2026-06-24T22:34:54.138-12:00  INFO 12460 --- [LibraLink] [      Thread-27] com.zaxxer.hikari.HikariDataSource       : HikariPool-9 - Shutdown initiated...
2026-06-24T22:34:54.222-12:00  INFO 12460 --- [LibraLink] [      Thread-27] com.zaxxer.hikari.HikariDataSource       : HikariPool-9 - Shutdown completed.

  .   ____          _            __ _ _
 /\\ / ___'_ __ _ _(_)_ __  __ _ \ \ \ \
( ( )\___ | '_ | '_| | '_ \/ _` | \ \ \ \
 \\/  ___)| |_)| | | | | || (_| |  ) ) ) )
  '  |____| .__|_| |_|_| |_\__, | / / / /
 =========|_|==============|___/=/_/_/_/

 :: Spring Boot ::                (v4.1.0)

2026-06-24T22:34:54.438-12:00  INFO 12460 --- [LibraLink] [  restartedMain] c.c.libralink.LibraLinkApplication       : Starting LibraLinkApplication using Java 25.0.1 with PID 12460 (C:\Users\HP\Downloads\LibraLink\Backend\target\classes started by HP in C:\Users\HP\Downloads\LibraLink\Backend)
2026-06-24T22:34:54.439-12:00  INFO 12460 --- [LibraLink] [  restartedMain] c.c.libralink.LibraLinkApplication       : No active profile set, falling back to 1 default profile: "default"
2026-06-24T22:34:54.805-12:00  INFO 12460 --- [LibraLink] [  restartedMain] .s.d.r.c.RepositoryConfigurationDelegate : Bootstrapping Spring Data JPA repositories in DEFAULT mode.
2026-06-24T22:34:54.965-12:00  INFO 12460 --- [LibraLink] [  restartedMain] .s.d.r.c.RepositoryConfigurationDelegate : Finished Spring Data repository scanning in 109 ms. Found 14 JPA repository interfaces.
2026-06-24T22:34:55.121-12:00  INFO 12460 --- [LibraLink] [  restartedMain] o.s.boot.tomcat.TomcatWebServer          : Tomcat initialized with port 8081 (http)
2026-06-24T22:34:55.122-12:00  INFO 12460 --- [LibraLink] [  restartedMain] o.apache.catalina.core.StandardService   : Starting service [Tomcat]
2026-06-24T22:34:55.123-12:00  INFO 12460 --- [LibraLink] [  restartedMain] o.apache.catalina.core.StandardEngine    : Starting Servlet engine: [Apache Tomcat/11.0.22]
2026-06-24T22:34:55.155-12:00  INFO 12460 --- [LibraLink] [  restartedMain] b.w.c.s.WebApplicationContextInitializer : Root WebApplicationContext: initialization completed in 714 ms
2026-06-24T22:34:55.226-12:00  INFO 12460 --- [LibraLink] [  restartedMain] org.hibernate.orm.jpa                    : HHH008540: Processing PersistenceUnitInfo [name: default]
2026-06-24T22:34:55.303-12:00  INFO 12460 --- [LibraLink] [  restartedMain] o.s.o.j.p.SpringPersistenceUnitInfo      : No LoadTimeWeaver setup: ignoring JPA class transformer
2026-06-24T22:34:55.304-12:00  WARN 12460 --- [LibraLink] [  restartedMain] org.hibernate.orm.deprecation            : HHH90000021: Encountered deprecated setting [hibernate.temp.use_jdbc_metadata_defaults], use [hibernate.boot.allow_jdbc_metadata_access] instead
2026-06-24T22:34:55.305-12:00  WARN 12460 --- [LibraLink] [  restartedMain] org.hibernate.orm.deprecation            : HHH90000025: PostgreSQLDialect does not need to be specified explicitly using 'hibernate.dialect' (remove the property setting and it will be selected by default)
2026-06-24T22:34:55.306-12:00  INFO 12460 --- [LibraLink] [  restartedMain] org.hibernate.orm.connections.pooling    : HHH10001005: Database info:
	Database JDBC URL [undefined/unknown]
	Database driver: undefined/unknown
	Database dialect: PostgreSQLDialect
	Database version: 14.0
	Default catalog/schema: unknown/unknown
	Autocommit mode: undefined/unknown
	Isolation level: <unknown>
	JDBC fetch size: undefined/unknown
	Pool: undefined/unknown
	Minimum pool size: undefined/unknown
	Maximum pool size: undefined/unknown
2026-06-24T22:34:55.602-12:00  INFO 12460 --- [LibraLink] [  restartedMain] org.hibernate.orm.core                   : HHH000489: No JTA platform available (set 'hibernate.transaction.jta.platform' to enable JTA platform integration)
2026-06-24T22:34:55.607-12:00  INFO 12460 --- [LibraLink] [  restartedMain] com.zaxxer.hikari.HikariDataSource       : HikariPool-10 - Starting...
2026-06-24T22:34:55.811-12:00  INFO 12460 --- [LibraLink] [  restartedMain] com.zaxxer.hikari.pool.HikariPool        : HikariPool-10 - Added connection org.postgresql.jdbc.PgConnection@25d0dfc
2026-06-24T22:34:55.858-12:00  INFO 12460 --- [LibraLink] [  restartedMain] com.zaxxer.hikari.HikariDataSource       : HikariPool-10 - Start completed.
2026-06-24T22:34:55.910-12:00  INFO 12460 --- [LibraLink] [  restartedMain] j.LocalContainerEntityManagerFactoryBean : Initialized JPA EntityManagerFactory for persistence unit 'default'
2026-06-24T22:34:56.137-12:00  WARN 12460 --- [LibraLink] [  restartedMain] ConfigServletWebServerApplicationContext : Exception encountered during context initialization - cancelling refresh attempt: org.springframework.beans.factory.BeanCreationException: Error creating bean with name 'fineController': Lookup method resolution failed
2026-06-24T22:34:56.185-12:00  INFO 12460 --- [LibraLink] [  restartedMain] j.LocalContainerEntityManagerFactoryBean : Closing JPA EntityManagerFactory for persistence unit 'default'
2026-06-24T22:34:56.186-12:00  INFO 12460 --- [LibraLink] [  restartedMain] com.zaxxer.hikari.HikariDataSource       : HikariPool-10 - Shutdown initiated...
2026-06-24T22:34:56.191-12:00  INFO 12460 --- [LibraLink] [  restartedMain] com.zaxxer.hikari.HikariDataSource       : HikariPool-10 - Shutdown completed.
2026-06-24T22:34:56.193-12:00  INFO 12460 --- [LibraLink] [  restartedMain] o.apache.catalina.core.StandardService   : Stopping service [Tomcat]
2026-06-24T22:34:56.199-12:00  INFO 12460 --- [LibraLink] [  restartedMain] .s.b.a.l.ConditionEvaluationReportLogger : 

Error starting ApplicationContext. To display the condition evaluation report re-run your application with 'debug' enabled.
2026-06-24T22:34:56.204-12:00 ERROR 12460 --- [LibraLink] [  restartedMain] o.s.boot.SpringApplication               : Application run failed

org.springframework.beans.factory.BeanCreationException: Error creating bean with name 'fineController': Lookup method resolution failed
	at org.springframework.beans.factory.annotation.AutowiredAnnotationBeanPostProcessor.checkLookupMethods(AutowiredAnnotationBeanPostProcessor.java:482) ~[spring-beans-7.0.8.jar:7.0.8]
	at org.springframework.beans.factory.annotation.AutowiredAnnotationBeanPostProcessor.determineCandidateConstructors(AutowiredAnnotationBeanPostProcessor.java:352) ~[spring-beans-7.0.8.jar:7.0.8]
	at org.springframework.beans.factory.support.AbstractAutowireCapableBeanFactory.determineConstructorsFromBeanPostProcessors(AbstractAutowireCapableBeanFactory.java:1319) ~[spring-beans-7.0.8.jar:7.0.8]
	at org.springframework.beans.factory.support.AbstractAutowireCapableBeanFactory.createBeanInstance(AbstractAutowireCapableBeanFactory.java:1216) ~[spring-beans-7.0.8.jar:7.0.8]
	at org.springframework.beans.factory.support.AbstractAutowireCapableBeanFactory.doCreateBean(AbstractAutowireCapableBeanFactory.java:565) ~[spring-beans-7.0.8.jar:7.0.8]
	at org.springframework.beans.factory.support.AbstractAutowireCapableBeanFactory.createBean(AbstractAutowireCapableBeanFactory.java:525) ~[spring-beans-7.0.8.jar:7.0.8]
	at org.springframework.beans.factory.support.AbstractBeanFactory.lambda$doGetBean$0(AbstractBeanFactory.java:333) ~[spring-beans-7.0.8.jar:7.0.8]
	at org.springframework.beans.factory.support.DefaultSingletonBeanRegistry.getSingleton(DefaultSingletonBeanRegistry.java:371) ~[spring-beans-7.0.8.jar:7.0.8]
	at org.springframework.beans.factory.support.AbstractBeanFactory.doGetBean(AbstractBeanFactory.java:331) ~[spring-beans-7.0.8.jar:7.0.8]
	at org.springframework.beans.factory.support.AbstractBeanFactory.getBean(AbstractBeanFactory.java:196) ~[spring-beans-7.0.8.jar:7.0.8]
	at org.springframework.beans.factory.support.DefaultListableBeanFactory.instantiateSingleton(DefaultListableBeanFactory.java:1225) ~[spring-beans-7.0.8.jar:7.0.8]
	at org.springframework.beans.factory.support.DefaultListableBeanFactory.preInstantiateSingleton(DefaultListableBeanFactory.java:1191) ~[spring-beans-7.0.8.jar:7.0.8]
	at org.springframework.beans.factory.support.DefaultListableBeanFactory.preInstantiateSingletons(DefaultListableBeanFactory.java:1121) ~[spring-beans-7.0.8.jar:7.0.8]
	at org.springframework.context.support.AbstractApplicationContext.finishBeanFactoryInitialization(AbstractApplicationContext.java:994) ~[spring-context-7.0.8.jar:7.0.8]
	at org.springframework.context.support.AbstractApplicationContext.refresh(AbstractApplicationContext.java:621) ~[spring-context-7.0.8.jar:7.0.8]
	at org.springframework.boot.web.server.servlet.context.ServletWebServerApplicationContext.refresh(ServletWebServerApplicationContext.java:143) ~[spring-boot-web-server-4.1.0.jar:4.1.0]
	at org.springframework.boot.SpringApplication.refresh(SpringApplication.java:756) ~[spring-boot-4.1.0.jar:4.1.0]
	at org.springframework.boot.SpringApplication.refreshContext(SpringApplication.java:445) ~[spring-boot-4.1.0.jar:4.1.0]
	at org.springframework.boot.SpringApplication.run(SpringApplication.java:321) ~[spring-boot-4.1.0.jar:4.1.0]
	at org.springframework.boot.SpringApplication.run(SpringApplication.java:1365) ~[spring-boot-4.1.0.jar:4.1.0]
	at org.springframework.boot.SpringApplication.run(SpringApplication.java:1354) ~[spring-boot-4.1.0.jar:4.1.0]
	at com.codequest.libralink.LibraLinkApplication.main(LibraLinkApplication.java:9) ~[classes/:na]
	at java.base/jdk.internal.reflect.DirectMethodHandleAccessor.invoke(DirectMethodHandleAccessor.java:104) ~[na:na]
	at java.base/java.lang.reflect.Method.invoke(Method.java:565) ~[na:na]
	at org.springframework.boot.devtools.restart.RestartLauncher.run(RestartLauncher.java:52) ~[spring-boot-devtools-4.1.0.jar:4.1.0]
Caused by: java.lang.IllegalStateException: Failed to introspect Class [com.codequest.libralink.controller.FineController] from ClassLoader [org.springframework.boot.devtools.restart.classloader.RestartClassLoader@17221027]
	at org.springframework.util.ReflectionUtils.getDeclaredMethods(ReflectionUtils.java:483) ~[spring-core-7.0.8.jar:7.0.8]
	at org.springframework.util.ReflectionUtils.doWithLocalMethods(ReflectionUtils.java:320) ~[spring-core-7.0.8.jar:7.0.8]
	at org.springframework.beans.factory.annotation.AutowiredAnnotationBeanPostProcessor.checkLookupMethods(AutowiredAnnotationBeanPostProcessor.java:460) ~[spring-beans-7.0.8.jar:7.0.8]
	... 24 common frames omitted
Caused by: java.lang.NoClassDefFoundError: com/codequest/libralink/entity/Fine
	at java.base/java.lang.Class.getDeclaredMethods0(Native Method) ~[na:na]
	at java.base/java.lang.Class.privateGetDeclaredMethods(Class.java:3010) ~[na:na]
	at java.base/java.lang.Class.getDeclaredMethods(Class.java:2329) ~[na:na]
	at org.springframework.util.ReflectionUtils.getDeclaredMethods(ReflectionUtils.java:465) ~[spring-core-7.0.8.jar:7.0.8]
	... 26 common frames omitted
Caused by: java.lang.ClassNotFoundException: com.codequest.libralink.entity.Fine
	at java.base/jdk.internal.loader.BuiltinClassLoader.loadClass(BuiltinClassLoader.java:580) ~[na:na]
	at java.base/java.lang.ClassLoader.loadClass(ClassLoader.java:490) ~[na:na]
	at java.base/java.lang.Class.forName0(Native Method) ~[na:na]
	at java.base/java.lang.Class.forName(Class.java:547) ~[na:na]
	at org.springframework.boot.devtools.restart.classloader.RestartClassLoader.loadClass(RestartClassLoader.java:123) ~[spring-boot-devtools-4.1.0.jar:4.1.0]
	at java.base/java.lang.ClassLoader.loadClass(ClassLoader.java:490) ~[na:na]
	... 30 common frames omitted


  .   ____          _            __ _ _
 /\\ / ___'_ __ _ _(_)_ __  __ _ \ \ \ \
( ( )\___ | '_ | '_| | '_ \/ _` | \ \ \ \
 \\/  ___)| |_)| | | | | || (_| |  ) ) ) )
  '  |____| .__|_| |_|_| |_\__, | / / / /
 =========|_|==============|___/=/_/_/_/

 :: Spring Boot ::                (v4.1.0)

2026-06-24T22:35:02.899-12:00  INFO 12460 --- [LibraLink] [  restartedMain] c.c.libralink.LibraLinkApplication       : Starting LibraLinkApplication using Java 25.0.1 with PID 12460 (C:\Users\HP\Downloads\LibraLink\Backend\target\classes started by HP in C:\Users\HP\Downloads\LibraLink\Backend)
2026-06-24T22:35:02.900-12:00  INFO 12460 --- [LibraLink] [  restartedMain] c.c.libralink.LibraLinkApplication       : No active profile set, falling back to 1 default profile: "default"
2026-06-24T22:35:03.185-12:00  INFO 12460 --- [LibraLink] [  restartedMain] .s.d.r.c.RepositoryConfigurationDelegate : Bootstrapping Spring Data JPA repositories in DEFAULT mode.
2026-06-24T22:35:03.257-12:00  INFO 12460 --- [LibraLink] [  restartedMain] .s.d.r.c.RepositoryConfigurationDelegate : Finished Spring Data repository scanning in 40 ms. Found 11 JPA repository interfaces.
2026-06-24T22:35:03.422-12:00  INFO 12460 --- [LibraLink] [  restartedMain] o.s.boot.tomcat.TomcatWebServer          : Tomcat initialized with port 8081 (http)
2026-06-24T22:35:03.470-12:00  INFO 12460 --- [LibraLink] [  restartedMain] o.apache.catalina.core.StandardService   : Starting service [Tomcat]
2026-06-24T22:35:03.470-12:00  INFO 12460 --- [LibraLink] [  restartedMain] o.apache.catalina.core.StandardEngine    : Starting Servlet engine: [Apache Tomcat/11.0.22]
2026-06-24T22:35:03.506-12:00  INFO 12460 --- [LibraLink] [  restartedMain] b.w.c.s.WebApplicationContextInitializer : Root WebApplicationContext: initialization completed in 604 ms
2026-06-24T22:35:03.570-12:00  INFO 12460 --- [LibraLink] [  restartedMain] org.hibernate.orm.jpa                    : HHH008540: Processing PersistenceUnitInfo [name: default]
2026-06-24T22:35:03.636-12:00  INFO 12460 --- [LibraLink] [  restartedMain] o.s.o.j.p.SpringPersistenceUnitInfo      : No LoadTimeWeaver setup: ignoring JPA class transformer
2026-06-24T22:35:03.637-12:00  WARN 12460 --- [LibraLink] [  restartedMain] org.hibernate.orm.deprecation            : HHH90000021: Encountered deprecated setting [hibernate.temp.use_jdbc_metadata_defaults], use [hibernate.boot.allow_jdbc_metadata_access] instead
2026-06-24T22:35:03.639-12:00  WARN 12460 --- [LibraLink] [  restartedMain] org.hibernate.orm.deprecation            : HHH90000025: PostgreSQLDialect does not need to be specified explicitly using 'hibernate.dialect' (remove the property setting and it will be selected by default)
2026-06-24T22:35:03.640-12:00  INFO 12460 --- [LibraLink] [  restartedMain] org.hibernate.orm.connections.pooling    : HHH10001005: Database info:
	Database JDBC URL [undefined/unknown]
	Database driver: undefined/unknown
	Database dialect: PostgreSQLDialect
	Database version: 14.0
	Default catalog/schema: unknown/unknown
	Autocommit mode: undefined/unknown
	Isolation level: <unknown>
	JDBC fetch size: undefined/unknown
	Pool: undefined/unknown
	Minimum pool size: undefined/unknown
	Maximum pool size: undefined/unknown
2026-06-24T22:35:03.910-12:00  INFO 12460 --- [LibraLink] [  restartedMain] org.hibernate.orm.core                   : HHH000489: No JTA platform available (set 'hibernate.transaction.jta.platform' to enable JTA platform integration)
2026-06-24T22:35:03.961-12:00  INFO 12460 --- [LibraLink] [  restartedMain] com.zaxxer.hikari.HikariDataSource       : HikariPool-11 - Starting...
2026-06-24T22:35:04.053-12:00  INFO 12460 --- [LibraLink] [  restartedMain] com.zaxxer.hikari.pool.HikariPool        : HikariPool-11 - Added connection org.postgresql.jdbc.PgConnection@73521c01
2026-06-24T22:35:04.054-12:00  INFO 12460 --- [LibraLink] [  restartedMain] com.zaxxer.hikari.HikariDataSource       : HikariPool-11 - Start completed.
2026-06-24T22:35:04.112-12:00  INFO 12460 --- [LibraLink] [  restartedMain] j.LocalContainerEntityManagerFactoryBean : Initialized JPA EntityManagerFactory for persistence unit 'default'
2026-06-24T22:35:04.494-12:00  WARN 12460 --- [LibraLink] [  restartedMain] JpaBaseConfiguration$JpaWebConfiguration : spring.jpa.open-in-view is enabled by default. Therefore, database queries may be performed during view rendering. Explicitly configure spring.jpa.open-in-view to disable this warning
2026-06-24T22:35:04.698-12:00  INFO 12460 --- [LibraLink] [  restartedMain] o.s.boot.tomcat.TomcatWebServer          : Tomcat started on port 8081 (http) with context path '/'
2026-06-24T22:35:04.703-12:00  INFO 12460 --- [LibraLink] [  restartedMain] c.c.libralink.LibraLinkApplication       : Started LibraLinkApplication in 1.898 seconds (process running for 2010.647)
2026-06-24T22:35:04.707-12:00  INFO 12460 --- [LibraLink] [  restartedMain] .ConditionEvaluationDeltaLoggingListener : Condition evaluation unchanged
2026-06-24T22:35:06.134-12:00  INFO 12460 --- [LibraLink] [   File Watcher] rtingClassPathChangeChangedEventListener : Restarting due to 43 class path changes (15 additions, 0 deletions, 28 modifications)
2026-06-24T22:35:06.182-12:00  INFO 12460 --- [LibraLink] [      Thread-34] o.s.boot.tomcat.GracefulShutdown         : Commencing graceful shutdown. Waiting for active requests to complete
2026-06-24T22:35:06.191-12:00  INFO 12460 --- [LibraLink] [tomcat-shutdown] o.s.boot.tomcat.GracefulShutdown         : Graceful shutdown complete
2026-06-24T22:35:06.196-12:00  INFO 12460 --- [LibraLink] [      Thread-34] j.LocalContainerEntityManagerFactoryBean : Closing JPA EntityManagerFactory for persistence unit 'default'
2026-06-24T22:35:06.197-12:00  INFO 12460 --- [LibraLink] [      Thread-34] com.zaxxer.hikari.HikariDataSource       : HikariPool-11 - Shutdown initiated...
2026-06-24T22:35:06.282-12:00  INFO 12460 --- [LibraLink] [      Thread-34] com.zaxxer.hikari.HikariDataSource       : HikariPool-11 - Shutdown completed.

  .   ____          _            __ _ _
 /\\ / ___'_ __ _ _(_)_ __  __ _ \ \ \ \
( ( )\___ | '_ | '_| | '_ \/ _` | \ \ \ \
 \\/  ___)| |_)| | | | | || (_| |  ) ) ) )
  '  |____| .__|_| |_|_| |_\__, | / / / /
 =========|_|==============|___/=/_/_/_/

 :: Spring Boot ::                (v4.1.0)

2026-06-24T22:35:06.524-12:00  INFO 12460 --- [LibraLink] [  restartedMain] c.c.libralink.LibraLinkApplication       : Starting LibraLinkApplication using Java 25.0.1 with PID 12460 (C:\Users\HP\Downloads\LibraLink\Backend\target\classes started by HP in C:\Users\HP\Downloads\LibraLink\Backend)
2026-06-24T22:35:06.525-12:00  INFO 12460 --- [LibraLink] [  restartedMain] c.c.libralink.LibraLinkApplication       : No active profile set, falling back to 1 default profile: "default"
2026-06-24T22:35:07.206-12:00  INFO 12460 --- [LibraLink] [  restartedMain] .s.d.r.c.RepositoryConfigurationDelegate : Bootstrapping Spring Data JPA repositories in DEFAULT mode.
2026-06-24T22:35:07.300-12:00  INFO 12460 --- [LibraLink] [  restartedMain] .s.d.r.c.RepositoryConfigurationDelegate : Finished Spring Data repository scanning in 45 ms. Found 14 JPA repository interfaces.
2026-06-24T22:35:07.423-12:00  INFO 12460 --- [LibraLink] [  restartedMain] o.s.boot.tomcat.TomcatWebServer          : Tomcat initialized with port 8081 (http)
2026-06-24T22:35:07.471-12:00  INFO 12460 --- [LibraLink] [  restartedMain] o.apache.catalina.core.StandardService   : Starting service [Tomcat]
2026-06-24T22:35:07.472-12:00  INFO 12460 --- [LibraLink] [  restartedMain] o.apache.catalina.core.StandardEngine    : Starting Servlet engine: [Apache Tomcat/11.0.22]
2026-06-24T22:35:07.520-12:00  INFO 12460 --- [LibraLink] [  restartedMain] b.w.c.s.WebApplicationContextInitializer : Root WebApplicationContext: initialization completed in 990 ms
2026-06-24T22:35:07.600-12:00  INFO 12460 --- [LibraLink] [  restartedMain] org.hibernate.orm.jpa                    : HHH008540: Processing PersistenceUnitInfo [name: default]
2026-06-24T22:35:07.661-12:00  INFO 12460 --- [LibraLink] [  restartedMain] o.s.o.j.p.SpringPersistenceUnitInfo      : No LoadTimeWeaver setup: ignoring JPA class transformer
2026-06-24T22:35:07.663-12:00  WARN 12460 --- [LibraLink] [  restartedMain] org.hibernate.orm.deprecation            : HHH90000021: Encountered deprecated setting [hibernate.temp.use_jdbc_metadata_defaults], use [hibernate.boot.allow_jdbc_metadata_access] instead
2026-06-24T22:35:07.664-12:00  WARN 12460 --- [LibraLink] [  restartedMain] org.hibernate.orm.deprecation            : HHH90000025: PostgreSQLDialect does not need to be specified explicitly using 'hibernate.dialect' (remove the property setting and it will be selected by default)
2026-06-24T22:35:07.664-12:00  INFO 12460 --- [LibraLink] [  restartedMain] org.hibernate.orm.connections.pooling    : HHH10001005: Database info:
	Database JDBC URL [undefined/unknown]
	Database driver: undefined/unknown
	Database dialect: PostgreSQLDialect
	Database version: 14.0
	Default catalog/schema: unknown/unknown
	Autocommit mode: undefined/unknown
	Isolation level: <unknown>
	JDBC fetch size: undefined/unknown
	Pool: undefined/unknown
	Minimum pool size: undefined/unknown
	Maximum pool size: undefined/unknown
2026-06-24T22:35:07.888-12:00  INFO 12460 --- [LibraLink] [  restartedMain] org.hibernate.orm.core                   : HHH000489: No JTA platform available (set 'hibernate.transaction.jta.platform' to enable JTA platform integration)
2026-06-24T22:35:07.937-12:00  INFO 12460 --- [LibraLink] [  restartedMain] com.zaxxer.hikari.HikariDataSource       : HikariPool-12 - Starting...
2026-06-24T22:35:08.021-12:00  INFO 12460 --- [LibraLink] [  restartedMain] com.zaxxer.hikari.pool.HikariPool        : HikariPool-12 - Added connection org.postgresql.jdbc.PgConnection@20cdc065
2026-06-24T22:35:08.022-12:00  INFO 12460 --- [LibraLink] [  restartedMain] com.zaxxer.hikari.HikariDataSource       : HikariPool-12 - Start completed.
2026-06-24T22:35:08.069-12:00  INFO 12460 --- [LibraLink] [  restartedMain] j.LocalContainerEntityManagerFactoryBean : Initialized JPA EntityManagerFactory for persistence unit 'default'
2026-06-24T22:35:08.303-12:00  WARN 12460 --- [LibraLink] [  restartedMain] ConfigServletWebServerApplicationContext : Exception encountered during context initialization - cancelling refresh attempt: org.springframework.beans.factory.BeanCreationException: Error creating bean with name 'fineController': Lookup method resolution failed
2026-06-24T22:35:08.351-12:00  INFO 12460 --- [LibraLink] [  restartedMain] j.LocalContainerEntityManagerFactoryBean : Closing JPA EntityManagerFactory for persistence unit 'default'
2026-06-24T22:35:08.352-12:00  INFO 12460 --- [LibraLink] [  restartedMain] com.zaxxer.hikari.HikariDataSource       : HikariPool-12 - Shutdown initiated...
2026-06-24T22:35:08.355-12:00  INFO 12460 --- [LibraLink] [  restartedMain] com.zaxxer.hikari.HikariDataSource       : HikariPool-12 - Shutdown completed.
2026-06-24T22:35:08.356-12:00  INFO 12460 --- [LibraLink] [  restartedMain] o.apache.catalina.core.StandardService   : Stopping service [Tomcat]
2026-06-24T22:35:08.367-12:00  INFO 12460 --- [LibraLink] [  restartedMain] .s.b.a.l.ConditionEvaluationReportLogger : 

Error starting ApplicationContext. To display the condition evaluation report re-run your application with 'debug' enabled.
2026-06-24T22:35:08.373-12:00 ERROR 12460 --- [LibraLink] [  restartedMain] o.s.boot.SpringApplication               : Application run failed

org.springframework.beans.factory.BeanCreationException: Error creating bean with name 'fineController': Lookup method resolution failed
	at org.springframework.beans.factory.annotation.AutowiredAnnotationBeanPostProcessor.checkLookupMethods(AutowiredAnnotationBeanPostProcessor.java:482) ~[spring-beans-7.0.8.jar:7.0.8]
	at org.springframework.beans.factory.annotation.AutowiredAnnotationBeanPostProcessor.determineCandidateConstructors(AutowiredAnnotationBeanPostProcessor.java:352) ~[spring-beans-7.0.8.jar:7.0.8]
	at org.springframework.beans.factory.support.AbstractAutowireCapableBeanFactory.determineConstructorsFromBeanPostProcessors(AbstractAutowireCapableBeanFactory.java:1319) ~[spring-beans-7.0.8.jar:7.0.8]
	at org.springframework.beans.factory.support.AbstractAutowireCapableBeanFactory.createBeanInstance(AbstractAutowireCapableBeanFactory.java:1216) ~[spring-beans-7.0.8.jar:7.0.8]
	at org.springframework.beans.factory.support.AbstractAutowireCapableBeanFactory.doCreateBean(AbstractAutowireCapableBeanFactory.java:565) ~[spring-beans-7.0.8.jar:7.0.8]
	at org.springframework.beans.factory.support.AbstractAutowireCapableBeanFactory.createBean(AbstractAutowireCapableBeanFactory.java:525) ~[spring-beans-7.0.8.jar:7.0.8]
	at org.springframework.beans.factory.support.AbstractBeanFactory.lambda$doGetBean$0(AbstractBeanFactory.java:333) ~[spring-beans-7.0.8.jar:7.0.8]
	at org.springframework.beans.factory.support.DefaultSingletonBeanRegistry.getSingleton(DefaultSingletonBeanRegistry.java:371) ~[spring-beans-7.0.8.jar:7.0.8]
	at org.springframework.beans.factory.support.AbstractBeanFactory.doGetBean(AbstractBeanFactory.java:331) ~[spring-beans-7.0.8.jar:7.0.8]
	at org.springframework.beans.factory.support.AbstractBeanFactory.getBean(AbstractBeanFactory.java:196) ~[spring-beans-7.0.8.jar:7.0.8]
	at org.springframework.beans.factory.support.DefaultListableBeanFactory.instantiateSingleton(DefaultListableBeanFactory.java:1225) ~[spring-beans-7.0.8.jar:7.0.8]
	at org.springframework.beans.factory.support.DefaultListableBeanFactory.preInstantiateSingleton(DefaultListableBeanFactory.java:1191) ~[spring-beans-7.0.8.jar:7.0.8]
	at org.springframework.beans.factory.support.DefaultListableBeanFactory.preInstantiateSingletons(DefaultListableBeanFactory.java:1121) ~[spring-beans-7.0.8.jar:7.0.8]
	at org.springframework.context.support.AbstractApplicationContext.finishBeanFactoryInitialization(AbstractApplicationContext.java:994) ~[spring-context-7.0.8.jar:7.0.8]
	at org.springframework.context.support.AbstractApplicationContext.refresh(AbstractApplicationContext.java:621) ~[spring-context-7.0.8.jar:7.0.8]
	at org.springframework.boot.web.server.servlet.context.ServletWebServerApplicationContext.refresh(ServletWebServerApplicationContext.java:143) ~[spring-boot-web-server-4.1.0.jar:4.1.0]
	at org.springframework.boot.SpringApplication.refresh(SpringApplication.java:756) ~[spring-boot-4.1.0.jar:4.1.0]
	at org.springframework.boot.SpringApplication.refreshContext(SpringApplication.java:445) ~[spring-boot-4.1.0.jar:4.1.0]
	at org.springframework.boot.SpringApplication.run(SpringApplication.java:321) ~[spring-boot-4.1.0.jar:4.1.0]
	at org.springframework.boot.SpringApplication.run(SpringApplication.java:1365) ~[spring-boot-4.1.0.jar:4.1.0]
	at org.springframework.boot.SpringApplication.run(SpringApplication.java:1354) ~[spring-boot-4.1.0.jar:4.1.0]
	at com.codequest.libralink.LibraLinkApplication.main(LibraLinkApplication.java:9) ~[classes/:na]
	at java.base/jdk.internal.reflect.DirectMethodHandleAccessor.invoke(DirectMethodHandleAccessor.java:104) ~[na:na]
	at java.base/java.lang.reflect.Method.invoke(Method.java:565) ~[na:na]
	at org.springframework.boot.devtools.restart.RestartLauncher.run(RestartLauncher.java:52) ~[spring-boot-devtools-4.1.0.jar:4.1.0]
Caused by: java.lang.IllegalStateException: Failed to introspect Class [com.codequest.libralink.controller.FineController] from ClassLoader [org.springframework.boot.devtools.restart.classloader.RestartClassLoader@7607109a]
	at org.springframework.util.ReflectionUtils.getDeclaredMethods(ReflectionUtils.java:483) ~[spring-core-7.0.8.jar:7.0.8]
	at org.springframework.util.ReflectionUtils.doWithLocalMethods(ReflectionUtils.java:320) ~[spring-core-7.0.8.jar:7.0.8]
	at org.springframework.beans.factory.annotation.AutowiredAnnotationBeanPostProcessor.checkLookupMethods(AutowiredAnnotationBeanPostProcessor.java:460) ~[spring-beans-7.0.8.jar:7.0.8]
	... 24 common frames omitted
Caused by: java.lang.NoClassDefFoundError: com/codequest/libralink/entity/Fine
	at java.base/java.lang.Class.getDeclaredMethods0(Native Method) ~[na:na]
	at java.base/java.lang.Class.privateGetDeclaredMethods(Class.java:3010) ~[na:na]
	at java.base/java.lang.Class.getDeclaredMethods(Class.java:2329) ~[na:na]
	at org.springframework.util.ReflectionUtils.getDeclaredMethods(ReflectionUtils.java:465) ~[spring-core-7.0.8.jar:7.0.8]
	... 26 common frames omitted
Caused by: java.lang.ClassNotFoundException: com.codequest.libralink.entity.Fine
	at java.base/jdk.internal.loader.BuiltinClassLoader.loadClass(BuiltinClassLoader.java:580) ~[na:na]
	at java.base/java.lang.ClassLoader.loadClass(ClassLoader.java:490) ~[na:na]
	at java.base/java.lang.Class.forName0(Native Method) ~[na:na]
	at java.base/java.lang.Class.forName(Class.java:547) ~[na:na]
	at org.springframework.boot.devtools.restart.classloader.RestartClassLoader.loadClass(RestartClassLoader.java:123) ~[spring-boot-devtools-4.1.0.jar:4.1.0]
	at java.base/java.lang.ClassLoader.loadClass(ClassLoader.java:490) ~[na:na]
	... 30 common frames omitted


  .   ____          _            __ _ _
 /\\ / ___'_ __ _ _(_)_ __  __ _ \ \ \ \
( ( )\___ | '_ | '_| | '_ \/ _` | \ \ \ \
 \\/  ___)| |_)| | | | | || (_| |  ) ) ) )
  '  |____| .__|_| |_|_| |_\__, | / / / /
 =========|_|==============|___/=/_/_/_/

 :: Spring Boot ::                (v4.1.0)

2026-06-24T22:36:35.820-12:00  INFO 12460 --- [LibraLink] [  restartedMain] c.c.libralink.LibraLinkApplication       : Starting LibraLinkApplication using Java 25.0.1 with PID 12460 (C:\Users\HP\Downloads\LibraLink\Backend\target\classes started by HP in C:\Users\HP\Downloads\LibraLink\Backend)
2026-06-24T22:36:35.821-12:00  INFO 12460 --- [LibraLink] [  restartedMain] c.c.libralink.LibraLinkApplication       : No active profile set, falling back to 1 default profile: "default"
2026-06-24T22:36:36.149-12:00  INFO 12460 --- [LibraLink] [  restartedMain] .s.d.r.c.RepositoryConfigurationDelegate : Bootstrapping Spring Data JPA repositories in DEFAULT mode.
2026-06-24T22:36:36.243-12:00  INFO 12460 --- [LibraLink] [  restartedMain] .s.d.r.c.RepositoryConfigurationDelegate : Finished Spring Data repository scanning in 45 ms. Found 11 JPA repository interfaces.
2026-06-24T22:36:36.456-12:00  INFO 12460 --- [LibraLink] [  restartedMain] o.s.boot.tomcat.TomcatWebServer          : Tomcat initialized with port 8081 (http)
2026-06-24T22:36:36.461-12:00  INFO 12460 --- [LibraLink] [  restartedMain] o.apache.catalina.core.StandardService   : Starting service [Tomcat]
2026-06-24T22:36:36.463-12:00  INFO 12460 --- [LibraLink] [  restartedMain] o.apache.catalina.core.StandardEngine    : Starting Servlet engine: [Apache Tomcat/11.0.22]
2026-06-24T22:36:36.506-12:00  INFO 12460 --- [LibraLink] [  restartedMain] b.w.c.s.WebApplicationContextInitializer : Root WebApplicationContext: initialization completed in 682 ms
2026-06-24T22:36:36.614-12:00  INFO 12460 --- [LibraLink] [  restartedMain] org.hibernate.orm.jpa                    : HHH008540: Processing PersistenceUnitInfo [name: default]
2026-06-24T22:36:36.697-12:00  INFO 12460 --- [LibraLink] [  restartedMain] o.s.o.j.p.SpringPersistenceUnitInfo      : No LoadTimeWeaver setup: ignoring JPA class transformer
2026-06-24T22:36:36.708-12:00  WARN 12460 --- [LibraLink] [  restartedMain] org.hibernate.orm.deprecation            : HHH90000021: Encountered deprecated setting [hibernate.temp.use_jdbc_metadata_defaults], use [hibernate.boot.allow_jdbc_metadata_access] instead
2026-06-24T22:36:36.709-12:00  WARN 12460 --- [LibraLink] [  restartedMain] org.hibernate.orm.deprecation            : HHH90000025: PostgreSQLDialect does not need to be specified explicitly using 'hibernate.dialect' (remove the property setting and it will be selected by default)
2026-06-24T22:36:36.709-12:00  INFO 12460 --- [LibraLink] [  restartedMain] org.hibernate.orm.connections.pooling    : HHH10001005: Database info:
	Database JDBC URL [undefined/unknown]
	Database driver: undefined/unknown
	Database dialect: PostgreSQLDialect
	Database version: 14.0
	Default catalog/schema: unknown/unknown
	Autocommit mode: undefined/unknown
	Isolation level: <unknown>
	JDBC fetch size: undefined/unknown
	Pool: undefined/unknown
	Minimum pool size: undefined/unknown
	Maximum pool size: undefined/unknown
2026-06-24T22:36:37.063-12:00  INFO 12460 --- [LibraLink] [  restartedMain] org.hibernate.orm.core                   : HHH000489: No JTA platform available (set 'hibernate.transaction.jta.platform' to enable JTA platform integration)
2026-06-24T22:36:37.067-12:00  INFO 12460 --- [LibraLink] [  restartedMain] com.zaxxer.hikari.HikariDataSource       : HikariPool-13 - Starting...
2026-06-24T22:36:37.158-12:00  INFO 12460 --- [LibraLink] [  restartedMain] com.zaxxer.hikari.pool.HikariPool        : HikariPool-13 - Added connection org.postgresql.jdbc.PgConnection@a43eeda
2026-06-24T22:36:37.159-12:00  INFO 12460 --- [LibraLink] [  restartedMain] com.zaxxer.hikari.HikariDataSource       : HikariPool-13 - Start completed.
2026-06-24T22:36:37.194-12:00  INFO 12460 --- [LibraLink] [  restartedMain] j.LocalContainerEntityManagerFactoryBean : Initialized JPA EntityManagerFactory for persistence unit 'default'
2026-06-24T22:36:37.473-12:00  WARN 12460 --- [LibraLink] [  restartedMain] JpaBaseConfiguration$JpaWebConfiguration : spring.jpa.open-in-view is enabled by default. Therefore, database queries may be performed during view rendering. Explicitly configure spring.jpa.open-in-view to disable this warning
2026-06-24T22:36:37.744-12:00  INFO 12460 --- [LibraLink] [  restartedMain] o.s.boot.tomcat.TomcatWebServer          : Tomcat started on port 8081 (http) with context path '/'
2026-06-24T22:36:37.795-12:00  INFO 12460 --- [LibraLink] [  restartedMain] c.c.libralink.LibraLinkApplication       : Started LibraLinkApplication in 2.062 seconds (process running for 2103.739)
2026-06-24T22:36:37.797-12:00  INFO 12460 --- [LibraLink] [  restartedMain] .ConditionEvaluationDeltaLoggingListener : Condition evaluation unchanged
2026-06-24T22:36:49.580-12:00  INFO 12460 --- [LibraLink] [   File Watcher] rtingClassPathChangeChangedEventListener : Restarting due to 15 class path changes (0 additions, 15 deletions, 0 modifications)
2026-06-24T22:36:49.581-12:00  INFO 12460 --- [LibraLink] [      Thread-41] o.s.boot.tomcat.GracefulShutdown         : Commencing graceful shutdown. Waiting for active requests to complete
2026-06-24T22:36:49.588-12:00  INFO 12460 --- [LibraLink] [tomcat-shutdown] o.s.boot.tomcat.GracefulShutdown         : Graceful shutdown complete
2026-06-24T22:36:49.591-12:00  INFO 12460 --- [LibraLink] [      Thread-41] j.LocalContainerEntityManagerFactoryBean : Closing JPA EntityManagerFactory for persistence unit 'default'
2026-06-24T22:36:49.592-12:00  INFO 12460 --- [LibraLink] [      Thread-41] com.zaxxer.hikari.HikariDataSource       : HikariPool-13 - Shutdown initiated...
2026-06-24T22:36:49.597-12:00  INFO 12460 --- [LibraLink] [      Thread-41] com.zaxxer.hikari.HikariDataSource       : HikariPool-13 - Shutdown completed.

  .   ____          _            __ _ _
 /\\ / ___'_ __ _ _(_)_ __  __ _ \ \ \ \
( ( )\___ | '_ | '_| | '_ \/ _` | \ \ \ \
 \\/  ___)| |_)| | | | | || (_| |  ) ) ) )
  '  |____| .__|_| |_|_| |_\__, | / / / /
 =========|_|==============|___/=/_/_/_/

 :: Spring Boot ::                (v4.1.0)

2026-06-24T22:36:49.824-12:00  INFO 12460 --- [LibraLink] [  restartedMain] c.c.libralink.LibraLinkApplication       : Starting LibraLinkApplication using Java 25.0.1 with PID 12460 (C:\Users\HP\Downloads\LibraLink\Backend\target\classes started by HP in C:\Users\HP\Downloads\LibraLink\Backend)
2026-06-24T22:36:49.825-12:00  INFO 12460 --- [LibraLink] [  restartedMain] c.c.libralink.LibraLinkApplication       : No active profile set, falling back to 1 default profile: "default"
2026-06-24T22:36:50.189-12:00  INFO 12460 --- [LibraLink] [  restartedMain] .s.d.r.c.RepositoryConfigurationDelegate : Bootstrapping Spring Data JPA repositories in DEFAULT mode.
2026-06-24T22:36:50.274-12:00  INFO 12460 --- [LibraLink] [  restartedMain] .s.d.r.c.RepositoryConfigurationDelegate : Finished Spring Data repository scanning in 37 ms. Found 11 JPA repository interfaces.
2026-06-24T22:36:50.419-12:00  INFO 12460 --- [LibraLink] [  restartedMain] o.s.boot.tomcat.TomcatWebServer          : Tomcat initialized with port 8081 (http)
2026-06-24T22:36:50.421-12:00  INFO 12460 --- [LibraLink] [  restartedMain] o.apache.catalina.core.StandardService   : Starting service [Tomcat]
2026-06-24T22:36:50.422-12:00  INFO 12460 --- [LibraLink] [  restartedMain] o.apache.catalina.core.StandardEngine    : Starting Servlet engine: [Apache Tomcat/11.0.22]
2026-06-24T22:36:50.461-12:00  INFO 12460 --- [LibraLink] [  restartedMain] b.w.c.s.WebApplicationContextInitializer : Root WebApplicationContext: initialization completed in 632 ms
2026-06-24T22:36:50.555-12:00  INFO 12460 --- [LibraLink] [  restartedMain] org.hibernate.orm.jpa                    : HHH008540: Processing PersistenceUnitInfo [name: default]
2026-06-24T22:36:50.623-12:00  INFO 12460 --- [LibraLink] [  restartedMain] o.s.o.j.p.SpringPersistenceUnitInfo      : No LoadTimeWeaver setup: ignoring JPA class transformer
2026-06-24T22:36:50.625-12:00  WARN 12460 --- [LibraLink] [  restartedMain] org.hibernate.orm.deprecation            : HHH90000021: Encountered deprecated setting [hibernate.temp.use_jdbc_metadata_defaults], use [hibernate.boot.allow_jdbc_metadata_access] instead
2026-06-24T22:36:50.626-12:00  WARN 12460 --- [LibraLink] [  restartedMain] org.hibernate.orm.deprecation            : HHH90000025: PostgreSQLDialect does not need to be specified explicitly using 'hibernate.dialect' (remove the property setting and it will be selected by default)
2026-06-24T22:36:50.627-12:00  INFO 12460 --- [LibraLink] [  restartedMain] org.hibernate.orm.connections.pooling    : HHH10001005: Database info:
	Database JDBC URL [undefined/unknown]
	Database driver: undefined/unknown
	Database dialect: PostgreSQLDialect
	Database version: 14.0
	Default catalog/schema: unknown/unknown
	Autocommit mode: undefined/unknown
	Isolation level: <unknown>
	JDBC fetch size: undefined/unknown
	Pool: undefined/unknown
	Minimum pool size: undefined/unknown
	Maximum pool size: undefined/unknown
2026-06-24T22:36:50.891-12:00  INFO 12460 --- [LibraLink] [  restartedMain] org.hibernate.orm.core                   : HHH000489: No JTA platform available (set 'hibernate.transaction.jta.platform' to enable JTA platform integration)
2026-06-24T22:36:50.896-12:00  INFO 12460 --- [LibraLink] [  restartedMain] com.zaxxer.hikari.HikariDataSource       : HikariPool-14 - Starting...
2026-06-24T22:36:50.996-12:00  INFO 12460 --- [LibraLink] [  restartedMain] com.zaxxer.hikari.pool.HikariPool        : HikariPool-14 - Added connection org.postgresql.jdbc.PgConnection@6f51128
2026-06-24T22:36:50.997-12:00  INFO 12460 --- [LibraLink] [  restartedMain] com.zaxxer.hikari.HikariDataSource       : HikariPool-14 - Start completed.
2026-06-24T22:36:51.046-12:00  INFO 12460 --- [LibraLink] [  restartedMain] j.LocalContainerEntityManagerFactoryBean : Initialized JPA EntityManagerFactory for persistence unit 'default'
2026-06-24T22:36:51.295-12:00  WARN 12460 --- [LibraLink] [  restartedMain] JpaBaseConfiguration$JpaWebConfiguration : spring.jpa.open-in-view is enabled by default. Therefore, database queries may be performed during view rendering. Explicitly configure spring.jpa.open-in-view to disable this warning
2026-06-24T22:36:51.554-12:00  INFO 12460 --- [LibraLink] [  restartedMain] o.s.boot.tomcat.TomcatWebServer          : Tomcat started on port 8081 (http) with context path '/'
2026-06-24T22:36:51.604-12:00  INFO 12460 --- [LibraLink] [  restartedMain] c.c.libralink.LibraLinkApplication       : Started LibraLinkApplication in 1.865 seconds (process running for 2117.549)
2026-06-24T22:36:51.606-12:00  INFO 12460 --- [LibraLink] [  restartedMain] .ConditionEvaluationDeltaLoggingListener : Condition evaluation unchanged
2026-06-24T22:36:52.984-12:00  INFO 12460 --- [LibraLink] [   File Watcher] rtingClassPathChangeChangedEventListener : Restarting due to 43 class path changes (15 additions, 0 deletions, 28 modifications)
2026-06-24T22:36:53.033-12:00  INFO 12460 --- [LibraLink] [      Thread-48] o.s.boot.tomcat.GracefulShutdown         : Commencing graceful shutdown. Waiting for active requests to complete
2026-06-24T22:36:53.041-12:00  INFO 12460 --- [LibraLink] [tomcat-shutdown] o.s.boot.tomcat.GracefulShutdown         : Graceful shutdown complete
2026-06-24T22:36:53.045-12:00  INFO 12460 --- [LibraLink] [      Thread-48] j.LocalContainerEntityManagerFactoryBean : Closing JPA EntityManagerFactory for persistence unit 'default'
2026-06-24T22:36:53.046-12:00  INFO 12460 --- [LibraLink] [      Thread-48] com.zaxxer.hikari.HikariDataSource       : HikariPool-14 - Shutdown initiated...
2026-06-24T22:36:53.137-12:00  INFO 12460 --- [LibraLink] [      Thread-48] com.zaxxer.hikari.HikariDataSource       : HikariPool-14 - Shutdown completed.

  .   ____          _            __ _ _
 /\\ / ___'_ __ _ _(_)_ __  __ _ \ \ \ \
( ( )\___ | '_ | '_| | '_ \/ _` | \ \ \ \
 \\/  ___)| |_)| | | | | || (_| |  ) ) ) )
  '  |____| .__|_| |_|_| |_\__, | / / / /
 =========|_|==============|___/=/_/_/_/

 :: Spring Boot ::                (v4.1.0)

2026-06-24T22:36:53.376-12:00  INFO 12460 --- [LibraLink] [  restartedMain] c.c.libralink.LibraLinkApplication       : Starting LibraLinkApplication using Java 25.0.1 with PID 12460 (C:\Users\HP\Downloads\LibraLink\Backend\target\classes started by HP in C:\Users\HP\Downloads\LibraLink\Backend)
2026-06-24T22:36:53.378-12:00  INFO 12460 --- [LibraLink] [  restartedMain] c.c.libralink.LibraLinkApplication       : No active profile set, falling back to 1 default profile: "default"
2026-06-24T22:36:53.766-12:00  INFO 12460 --- [LibraLink] [  restartedMain] .s.d.r.c.RepositoryConfigurationDelegate : Bootstrapping Spring Data JPA repositories in DEFAULT mode.
2026-06-24T22:36:53.817-12:00  INFO 12460 --- [LibraLink] [  restartedMain] .s.d.r.c.RepositoryConfigurationDelegate : Finished Spring Data repository scanning in 41 ms. Found 14 JPA repository interfaces.
2026-06-24T22:36:53.965-12:00  INFO 12460 --- [LibraLink] [  restartedMain] o.s.boot.tomcat.TomcatWebServer          : Tomcat initialized with port 8081 (http)
2026-06-24T22:36:53.967-12:00  INFO 12460 --- [LibraLink] [  restartedMain] o.apache.catalina.core.StandardService   : Starting service [Tomcat]
2026-06-24T22:36:53.968-12:00  INFO 12460 --- [LibraLink] [  restartedMain] o.apache.catalina.core.StandardEngine    : Starting Servlet engine: [Apache Tomcat/11.0.22]
2026-06-24T22:36:54.005-12:00  INFO 12460 --- [LibraLink] [  restartedMain] b.w.c.s.WebApplicationContextInitializer : Root WebApplicationContext: initialization completed in 622 ms
2026-06-24T22:36:54.072-12:00  INFO 12460 --- [LibraLink] [  restartedMain] org.hibernate.orm.jpa                    : HHH008540: Processing PersistenceUnitInfo [name: default]
2026-06-24T22:36:54.125-12:00  INFO 12460 --- [LibraLink] [  restartedMain] o.s.o.j.p.SpringPersistenceUnitInfo      : No LoadTimeWeaver setup: ignoring JPA class transformer
2026-06-24T22:36:54.126-12:00  WARN 12460 --- [LibraLink] [  restartedMain] org.hibernate.orm.deprecation            : HHH90000021: Encountered deprecated setting [hibernate.temp.use_jdbc_metadata_defaults], use [hibernate.boot.allow_jdbc_metadata_access] instead
2026-06-24T22:36:54.127-12:00  WARN 12460 --- [LibraLink] [  restartedMain] org.hibernate.orm.deprecation            : HHH90000025: PostgreSQLDialect does not need to be specified explicitly using 'hibernate.dialect' (remove the property setting and it will be selected by default)
2026-06-24T22:36:54.128-12:00  INFO 12460 --- [LibraLink] [  restartedMain] org.hibernate.orm.connections.pooling    : HHH10001005: Database info:
	Database JDBC URL [undefined/unknown]
	Database driver: undefined/unknown
	Database dialect: PostgreSQLDialect
	Database version: 14.0
	Default catalog/schema: unknown/unknown
	Autocommit mode: undefined/unknown
	Isolation level: <unknown>
	JDBC fetch size: undefined/unknown
	Pool: undefined/unknown
	Minimum pool size: undefined/unknown
	Maximum pool size: undefined/unknown
2026-06-24T22:36:54.460-12:00  INFO 12460 --- [LibraLink] [  restartedMain] org.hibernate.orm.core                   : HHH000489: No JTA platform available (set 'hibernate.transaction.jta.platform' to enable JTA platform integration)
2026-06-24T22:36:54.513-12:00  INFO 12460 --- [LibraLink] [  restartedMain] com.zaxxer.hikari.HikariDataSource       : HikariPool-15 - Starting...
2026-06-24T22:36:54.672-12:00  INFO 12460 --- [LibraLink] [  restartedMain] com.zaxxer.hikari.pool.HikariPool        : HikariPool-15 - Added connection org.postgresql.jdbc.PgConnection@21ea4df6
2026-06-24T22:36:54.673-12:00  INFO 12460 --- [LibraLink] [  restartedMain] com.zaxxer.hikari.HikariDataSource       : HikariPool-15 - Start completed.
2026-06-24T22:36:54.722-12:00  INFO 12460 --- [LibraLink] [  restartedMain] j.LocalContainerEntityManagerFactoryBean : Initialized JPA EntityManagerFactory for persistence unit 'default'
2026-06-24T22:36:54.979-12:00  WARN 12460 --- [LibraLink] [  restartedMain] ConfigServletWebServerApplicationContext : Exception encountered during context initialization - cancelling refresh attempt: org.springframework.beans.factory.BeanCreationException: Error creating bean with name 'fineController': Lookup method resolution failed
2026-06-24T22:36:55.016-12:00  INFO 12460 --- [LibraLink] [  restartedMain] j.LocalContainerEntityManagerFactoryBean : Closing JPA EntityManagerFactory for persistence unit 'default'
2026-06-24T22:36:55.017-12:00  INFO 12460 --- [LibraLink] [  restartedMain] com.zaxxer.hikari.HikariDataSource       : HikariPool-15 - Shutdown initiated...
2026-06-24T22:36:55.021-12:00  INFO 12460 --- [LibraLink] [  restartedMain] com.zaxxer.hikari.HikariDataSource       : HikariPool-15 - Shutdown completed.
2026-06-24T22:36:55.022-12:00  INFO 12460 --- [LibraLink] [  restartedMain] o.apache.catalina.core.StandardService   : Stopping service [Tomcat]
2026-06-24T22:36:55.030-12:00  INFO 12460 --- [LibraLink] [  restartedMain] .s.b.a.l.ConditionEvaluationReportLogger : 

Error starting ApplicationContext. To display the condition evaluation report re-run your application with 'debug' enabled.
2026-06-24T22:36:55.036-12:00 ERROR 12460 --- [LibraLink] [  restartedMain] o.s.boot.SpringApplication               : Application run failed

org.springframework.beans.factory.BeanCreationException: Error creating bean with name 'fineController': Lookup method resolution failed
	at org.springframework.beans.factory.annotation.AutowiredAnnotationBeanPostProcessor.checkLookupMethods(AutowiredAnnotationBeanPostProcessor.java:482) ~[spring-beans-7.0.8.jar:7.0.8]
	at org.springframework.beans.factory.annotation.AutowiredAnnotationBeanPostProcessor.determineCandidateConstructors(AutowiredAnnotationBeanPostProcessor.java:352) ~[spring-beans-7.0.8.jar:7.0.8]
	at org.springframework.beans.factory.support.AbstractAutowireCapableBeanFactory.determineConstructorsFromBeanPostProcessors(AbstractAutowireCapableBeanFactory.java:1319) ~[spring-beans-7.0.8.jar:7.0.8]
	at org.springframework.beans.factory.support.AbstractAutowireCapableBeanFactory.createBeanInstance(AbstractAutowireCapableBeanFactory.java:1216) ~[spring-beans-7.0.8.jar:7.0.8]
	at org.springframework.beans.factory.support.AbstractAutowireCapableBeanFactory.doCreateBean(AbstractAutowireCapableBeanFactory.java:565) ~[spring-beans-7.0.8.jar:7.0.8]
	at org.springframework.beans.factory.support.AbstractAutowireCapableBeanFactory.createBean(AbstractAutowireCapableBeanFactory.java:525) ~[spring-beans-7.0.8.jar:7.0.8]
	at org.springframework.beans.factory.support.AbstractBeanFactory.lambda$doGetBean$0(AbstractBeanFactory.java:333) ~[spring-beans-7.0.8.jar:7.0.8]
	at org.springframework.beans.factory.support.DefaultSingletonBeanRegistry.getSingleton(DefaultSingletonBeanRegistry.java:371) ~[spring-beans-7.0.8.jar:7.0.8]
	at org.springframework.beans.factory.support.AbstractBeanFactory.doGetBean(AbstractBeanFactory.java:331) ~[spring-beans-7.0.8.jar:7.0.8]
	at org.springframework.beans.factory.support.AbstractBeanFactory.getBean(AbstractBeanFactory.java:196) ~[spring-beans-7.0.8.jar:7.0.8]
	at org.springframework.beans.factory.support.DefaultListableBeanFactory.instantiateSingleton(DefaultListableBeanFactory.java:1225) ~[spring-beans-7.0.8.jar:7.0.8]
	at org.springframework.beans.factory.support.DefaultListableBeanFactory.preInstantiateSingleton(DefaultListableBeanFactory.java:1191) ~[spring-beans-7.0.8.jar:7.0.8]
	at org.springframework.beans.factory.support.DefaultListableBeanFactory.preInstantiateSingletons(DefaultListableBeanFactory.java:1121) ~[spring-beans-7.0.8.jar:7.0.8]
	at org.springframework.context.support.AbstractApplicationContext.finishBeanFactoryInitialization(AbstractApplicationContext.java:994) ~[spring-context-7.0.8.jar:7.0.8]
	at org.springframework.context.support.AbstractApplicationContext.refresh(AbstractApplicationContext.java:621) ~[spring-context-7.0.8.jar:7.0.8]
	at org.springframework.boot.web.server.servlet.context.ServletWebServerApplicationContext.refresh(ServletWebServerApplicationContext.java:143) ~[spring-boot-web-server-4.1.0.jar:4.1.0]
	at org.springframework.boot.SpringApplication.refresh(SpringApplication.java:756) ~[spring-boot-4.1.0.jar:4.1.0]
	at org.springframework.boot.SpringApplication.refreshContext(SpringApplication.java:445) ~[spring-boot-4.1.0.jar:4.1.0]
	at org.springframework.boot.SpringApplication.run(SpringApplication.java:321) ~[spring-boot-4.1.0.jar:4.1.0]
	at org.springframework.boot.SpringApplication.run(SpringApplication.java:1365) ~[spring-boot-4.1.0.jar:4.1.0]
	at org.springframework.boot.SpringApplication.run(SpringApplication.java:1354) ~[spring-boot-4.1.0.jar:4.1.0]
	at com.codequest.libralink.LibraLinkApplication.main(LibraLinkApplication.java:9) ~[classes/:na]
	at java.base/jdk.internal.reflect.DirectMethodHandleAccessor.invoke(DirectMethodHandleAccessor.java:104) ~[na:na]
	at java.base/java.lang.reflect.Method.invoke(Method.java:565) ~[na:na]
	at org.springframework.boot.devtools.restart.RestartLauncher.run(RestartLauncher.java:52) ~[spring-boot-devtools-4.1.0.jar:4.1.0]
Caused by: java.lang.IllegalStateException: Failed to introspect Class [com.codequest.libralink.controller.FineController] from ClassLoader [org.springframework.boot.devtools.restart.classloader.RestartClassLoader@158c3dd7]
	at org.springframework.util.ReflectionUtils.getDeclaredMethods(ReflectionUtils.java:483) ~[spring-core-7.0.8.jar:7.0.8]
	at org.springframework.util.ReflectionUtils.doWithLocalMethods(ReflectionUtils.java:320) ~[spring-core-7.0.8.jar:7.0.8]
	at org.springframework.beans.factory.annotation.AutowiredAnnotationBeanPostProcessor.checkLookupMethods(AutowiredAnnotationBeanPostProcessor.java:460) ~[spring-beans-7.0.8.jar:7.0.8]
	... 24 common frames omitted
Caused by: java.lang.NoClassDefFoundError: com/codequest/libralink/entity/Fine
	at java.base/java.lang.Class.getDeclaredMethods0(Native Method) ~[na:na]
	at java.base/java.lang.Class.privateGetDeclaredMethods(Class.java:3010) ~[na:na]
	at java.base/java.lang.Class.getDeclaredMethods(Class.java:2329) ~[na:na]
	at org.springframework.util.ReflectionUtils.getDeclaredMethods(ReflectionUtils.java:465) ~[spring-core-7.0.8.jar:7.0.8]
	... 26 common frames omitted
Caused by: java.lang.ClassNotFoundException: com.codequest.libralink.entity.Fine
	at java.base/jdk.internal.loader.BuiltinClassLoader.loadClass(BuiltinClassLoader.java:580) ~[na:na]
	at java.base/java.lang.ClassLoader.loadClass(ClassLoader.java:490) ~[na:na]
	at java.base/java.lang.Class.forName0(Native Method) ~[na:na]
	at java.base/java.lang.Class.forName(Class.java:547) ~[na:na]
	at org.springframework.boot.devtools.restart.classloader.RestartClassLoader.loadClass(RestartClassLoader.java:123) ~[spring-boot-devtools-4.1.0.jar:4.1.0]
	at java.base/java.lang.ClassLoader.loadClass(ClassLoader.java:490) ~[na:na]
	... 30 common frames omitted


  .   ____          _            __ _ _
 /\\ / ___'_ __ _ _(_)_ __  __ _ \ \ \ \
( ( )\___ | '_ | '_| | '_ \/ _` | \ \ \ \
 \\/  ___)| |_)| | | | | || (_| |  ) ) ) )
  '  |____| .__|_| |_|_| |_\__, | / / / /
 =========|_|==============|___/=/_/_/_/

 :: Spring Boot ::                (v4.1.0)

2026-06-24T22:38:35.110-12:00  INFO 12460 --- [LibraLink] [  restartedMain] c.c.libralink.LibraLinkApplication       : Starting LibraLinkApplication using Java 25.0.1 with PID 12460 (C:\Users\HP\Downloads\LibraLink\Backend\target\classes started by HP in C:\Users\HP\Downloads\LibraLink\Backend)
2026-06-24T22:38:35.111-12:00  INFO 12460 --- [LibraLink] [  restartedMain] c.c.libralink.LibraLinkApplication       : No active profile set, falling back to 1 default profile: "default"
2026-06-24T22:38:35.394-12:00  INFO 12460 --- [LibraLink] [  restartedMain] .s.d.r.c.RepositoryConfigurationDelegate : Bootstrapping Spring Data JPA repositories in DEFAULT mode.
2026-06-24T22:38:35.488-12:00  INFO 12460 --- [LibraLink] [  restartedMain] .s.d.r.c.RepositoryConfigurationDelegate : Finished Spring Data repository scanning in 44 ms. Found 11 JPA repository interfaces.
2026-06-24T22:38:35.646-12:00  INFO 12460 --- [LibraLink] [  restartedMain] o.s.boot.tomcat.TomcatWebServer          : Tomcat initialized with port 8081 (http)
2026-06-24T22:38:35.693-12:00  INFO 12460 --- [LibraLink] [  restartedMain] o.apache.catalina.core.StandardService   : Starting service [Tomcat]
2026-06-24T22:38:35.694-12:00  INFO 12460 --- [LibraLink] [  restartedMain] o.apache.catalina.core.StandardEngine    : Starting Servlet engine: [Apache Tomcat/11.0.22]
2026-06-24T22:38:35.723-12:00  INFO 12460 --- [LibraLink] [  restartedMain] b.w.c.s.WebApplicationContextInitializer : Root WebApplicationContext: initialization completed in 609 ms
2026-06-24T22:38:35.782-12:00  INFO 12460 --- [LibraLink] [  restartedMain] org.hibernate.orm.jpa                    : HHH008540: Processing PersistenceUnitInfo [name: default]
2026-06-24T22:38:35.846-12:00  INFO 12460 --- [LibraLink] [  restartedMain] o.s.o.j.p.SpringPersistenceUnitInfo      : No LoadTimeWeaver setup: ignoring JPA class transformer
2026-06-24T22:38:35.848-12:00  WARN 12460 --- [LibraLink] [  restartedMain] org.hibernate.orm.deprecation            : HHH90000021: Encountered deprecated setting [hibernate.temp.use_jdbc_metadata_defaults], use [hibernate.boot.allow_jdbc_metadata_access] instead
2026-06-24T22:38:35.849-12:00  WARN 12460 --- [LibraLink] [  restartedMain] org.hibernate.orm.deprecation            : HHH90000025: PostgreSQLDialect does not need to be specified explicitly using 'hibernate.dialect' (remove the property setting and it will be selected by default)
2026-06-24T22:38:35.849-12:00  INFO 12460 --- [LibraLink] [  restartedMain] org.hibernate.orm.connections.pooling    : HHH10001005: Database info:
	Database JDBC URL [undefined/unknown]
	Database driver: undefined/unknown
	Database dialect: PostgreSQLDialect
	Database version: 14.0
	Default catalog/schema: unknown/unknown
	Autocommit mode: undefined/unknown
	Isolation level: <unknown>
	JDBC fetch size: undefined/unknown
	Pool: undefined/unknown
	Minimum pool size: undefined/unknown
	Maximum pool size: undefined/unknown
2026-06-24T22:38:36.078-12:00  INFO 12460 --- [LibraLink] [  restartedMain] org.hibernate.orm.core                   : HHH000489: No JTA platform available (set 'hibernate.transaction.jta.platform' to enable JTA platform integration)
2026-06-24T22:38:36.127-12:00  INFO 12460 --- [LibraLink] [  restartedMain] com.zaxxer.hikari.HikariDataSource       : HikariPool-16 - Starting...
2026-06-24T22:38:36.213-12:00  INFO 12460 --- [LibraLink] [  restartedMain] com.zaxxer.hikari.pool.HikariPool        : HikariPool-16 - Added connection org.postgresql.jdbc.PgConnection@2647dea7
2026-06-24T22:38:36.214-12:00  INFO 12460 --- [LibraLink] [  restartedMain] com.zaxxer.hikari.HikariDataSource       : HikariPool-16 - Start completed.
2026-06-24T22:38:36.257-12:00  INFO 12460 --- [LibraLink] [  restartedMain] j.LocalContainerEntityManagerFactoryBean : Initialized JPA EntityManagerFactory for persistence unit 'default'
2026-06-24T22:38:36.628-12:00  WARN 12460 --- [LibraLink] [  restartedMain] JpaBaseConfiguration$JpaWebConfiguration : spring.jpa.open-in-view is enabled by default. Therefore, database queries may be performed during view rendering. Explicitly configure spring.jpa.open-in-view to disable this warning
2026-06-24T22:38:36.925-12:00  INFO 12460 --- [LibraLink] [  restartedMain] o.s.boot.tomcat.TomcatWebServer          : Tomcat started on port 8081 (http) with context path '/'
2026-06-24T22:38:36.976-12:00  INFO 12460 --- [LibraLink] [  restartedMain] c.c.libralink.LibraLinkApplication       : Started LibraLinkApplication in 1.959 seconds (process running for 2222.92)
2026-06-24T22:38:36.977-12:00  INFO 12460 --- [LibraLink] [  restartedMain] .ConditionEvaluationDeltaLoggingListener : Condition evaluation unchanged
2026-06-24T22:38:38.391-12:00  INFO 12460 --- [LibraLink] [   File Watcher] rtingClassPathChangeChangedEventListener : Restarting due to 43 class path changes (15 additions, 0 deletions, 28 modifications)
2026-06-24T22:38:38.439-12:00  INFO 12460 --- [LibraLink] [      Thread-52] o.s.boot.tomcat.GracefulShutdown         : Commencing graceful shutdown. Waiting for active requests to complete
2026-06-24T22:38:38.447-12:00  INFO 12460 --- [LibraLink] [tomcat-shutdown] o.s.boot.tomcat.GracefulShutdown         : Graceful shutdown complete
2026-06-24T22:38:38.451-12:00  INFO 12460 --- [LibraLink] [      Thread-52] j.LocalContainerEntityManagerFactoryBean : Closing JPA EntityManagerFactory for persistence unit 'default'
2026-06-24T22:38:38.452-12:00  INFO 12460 --- [LibraLink] [      Thread-52] com.zaxxer.hikari.HikariDataSource       : HikariPool-16 - Shutdown initiated...
2026-06-24T22:38:38.456-12:00  INFO 12460 --- [LibraLink] [      Thread-52] com.zaxxer.hikari.HikariDataSource       : HikariPool-16 - Shutdown completed.

  .   ____          _            __ _ _
 /\\ / ___'_ __ _ _(_)_ __  __ _ \ \ \ \
( ( )\___ | '_ | '_| | '_ \/ _` | \ \ \ \
 \\/  ___)| |_)| | | | | || (_| |  ) ) ) )
  '  |____| .__|_| |_|_| |_\__, | / / / /
 =========|_|==============|___/=/_/_/_/

 :: Spring Boot ::                (v4.1.0)

2026-06-24T22:38:38.641-12:00  INFO 12460 --- [LibraLink] [  restartedMain] c.c.libralink.LibraLinkApplication       : Starting LibraLinkApplication using Java 25.0.1 with PID 12460 (C:\Users\HP\Downloads\LibraLink\Backend\target\classes started by HP in C:\Users\HP\Downloads\LibraLink\Backend)
2026-06-24T22:38:38.642-12:00  INFO 12460 --- [LibraLink] [  restartedMain] c.c.libralink.LibraLinkApplication       : No active profile set, falling back to 1 default profile: "default"
2026-06-24T22:38:39.047-12:00  INFO 12460 --- [LibraLink] [  restartedMain] .s.d.r.c.RepositoryConfigurationDelegate : Bootstrapping Spring Data JPA repositories in DEFAULT mode.
2026-06-24T22:38:39.117-12:00  INFO 12460 --- [LibraLink] [  restartedMain] .s.d.r.c.RepositoryConfigurationDelegate : Finished Spring Data repository scanning in 66 ms. Found 14 JPA repository interfaces.
2026-06-24T22:38:39.262-12:00  INFO 12460 --- [LibraLink] [  restartedMain] o.s.boot.tomcat.TomcatWebServer          : Tomcat initialized with port 8081 (http)
2026-06-24T22:38:39.309-12:00  INFO 12460 --- [LibraLink] [  restartedMain] o.apache.catalina.core.StandardService   : Starting service [Tomcat]
2026-06-24T22:38:39.309-12:00  INFO 12460 --- [LibraLink] [  restartedMain] o.apache.catalina.core.StandardEngine    : Starting Servlet engine: [Apache Tomcat/11.0.22]
2026-06-24T22:38:39.340-12:00  INFO 12460 --- [LibraLink] [  restartedMain] b.w.c.s.WebApplicationContextInitializer : Root WebApplicationContext: initialization completed in 696 ms
2026-06-24T22:38:39.397-12:00  INFO 12460 --- [LibraLink] [  restartedMain] org.hibernate.orm.jpa                    : HHH008540: Processing PersistenceUnitInfo [name: default]
2026-06-24T22:38:39.460-12:00  INFO 12460 --- [LibraLink] [  restartedMain] o.s.o.j.p.SpringPersistenceUnitInfo      : No LoadTimeWeaver setup: ignoring JPA class transformer
2026-06-24T22:38:39.461-12:00  WARN 12460 --- [LibraLink] [  restartedMain] org.hibernate.orm.deprecation            : HHH90000021: Encountered deprecated setting [hibernate.temp.use_jdbc_metadata_defaults], use [hibernate.boot.allow_jdbc_metadata_access] instead
2026-06-24T22:38:39.462-12:00  WARN 12460 --- [LibraLink] [  restartedMain] org.hibernate.orm.deprecation            : HHH90000025: PostgreSQLDialect does not need to be specified explicitly using 'hibernate.dialect' (remove the property setting and it will be selected by default)
2026-06-24T22:38:39.463-12:00  INFO 12460 --- [LibraLink] [  restartedMain] org.hibernate.orm.connections.pooling    : HHH10001005: Database info:
	Database JDBC URL [undefined/unknown]
	Database driver: undefined/unknown
	Database dialect: PostgreSQLDialect
	Database version: 14.0
	Default catalog/schema: unknown/unknown
	Autocommit mode: undefined/unknown
	Isolation level: <unknown>
	JDBC fetch size: undefined/unknown
	Pool: undefined/unknown
	Minimum pool size: undefined/unknown
	Maximum pool size: undefined/unknown
2026-06-24T22:38:39.781-12:00  INFO 12460 --- [LibraLink] [  restartedMain] org.hibernate.orm.core                   : HHH000489: No JTA platform available (set 'hibernate.transaction.jta.platform' to enable JTA platform integration)
2026-06-24T22:38:39.831-12:00  INFO 12460 --- [LibraLink] [  restartedMain] com.zaxxer.hikari.HikariDataSource       : HikariPool-17 - Starting...
2026-06-24T22:38:39.903-12:00  INFO 12460 --- [LibraLink] [  restartedMain] com.zaxxer.hikari.pool.HikariPool        : HikariPool-17 - Added connection org.postgresql.jdbc.PgConnection@3701d35a
2026-06-24T22:38:39.903-12:00  INFO 12460 --- [LibraLink] [  restartedMain] com.zaxxer.hikari.HikariDataSource       : HikariPool-17 - Start completed.
2026-06-24T22:38:39.958-12:00  INFO 12460 --- [LibraLink] [  restartedMain] j.LocalContainerEntityManagerFactoryBean : Initialized JPA EntityManagerFactory for persistence unit 'default'
2026-06-24T22:38:40.249-12:00  WARN 12460 --- [LibraLink] [  restartedMain] ConfigServletWebServerApplicationContext : Exception encountered during context initialization - cancelling refresh attempt: org.springframework.beans.factory.BeanCreationException: Error creating bean with name 'fineController': Lookup method resolution failed
2026-06-24T22:38:40.298-12:00  INFO 12460 --- [LibraLink] [  restartedMain] j.LocalContainerEntityManagerFactoryBean : Closing JPA EntityManagerFactory for persistence unit 'default'
2026-06-24T22:38:40.299-12:00  INFO 12460 --- [LibraLink] [  restartedMain] com.zaxxer.hikari.HikariDataSource       : HikariPool-17 - Shutdown initiated...
2026-06-24T22:38:40.433-12:00  INFO 12460 --- [LibraLink] [  restartedMain] com.zaxxer.hikari.HikariDataSource       : HikariPool-17 - Shutdown completed.
2026-06-24T22:38:40.482-12:00  INFO 12460 --- [LibraLink] [  restartedMain] o.apache.catalina.core.StandardService   : Stopping service [Tomcat]
2026-06-24T22:38:40.489-12:00  INFO 12460 --- [LibraLink] [  restartedMain] .s.b.a.l.ConditionEvaluationReportLogger : 

Error starting ApplicationContext. To display the condition evaluation report re-run your application with 'debug' enabled.
2026-06-24T22:38:40.495-12:00 ERROR 12460 --- [LibraLink] [  restartedMain] o.s.boot.SpringApplication               : Application run failed

org.springframework.beans.factory.BeanCreationException: Error creating bean with name 'fineController': Lookup method resolution failed
	at org.springframework.beans.factory.annotation.AutowiredAnnotationBeanPostProcessor.checkLookupMethods(AutowiredAnnotationBeanPostProcessor.java:482) ~[spring-beans-7.0.8.jar:7.0.8]
	at org.springframework.beans.factory.annotation.AutowiredAnnotationBeanPostProcessor.determineCandidateConstructors(AutowiredAnnotationBeanPostProcessor.java:352) ~[spring-beans-7.0.8.jar:7.0.8]
	at org.springframework.beans.factory.support.AbstractAutowireCapableBeanFactory.determineConstructorsFromBeanPostProcessors(AbstractAutowireCapableBeanFactory.java:1319) ~[spring-beans-7.0.8.jar:7.0.8]
	at org.springframework.beans.factory.support.AbstractAutowireCapableBeanFactory.createBeanInstance(AbstractAutowireCapableBeanFactory.java:1216) ~[spring-beans-7.0.8.jar:7.0.8]
	at org.springframework.beans.factory.support.AbstractAutowireCapableBeanFactory.doCreateBean(AbstractAutowireCapableBeanFactory.java:565) ~[spring-beans-7.0.8.jar:7.0.8]
	at org.springframework.beans.factory.support.AbstractAutowireCapableBeanFactory.createBean(AbstractAutowireCapableBeanFactory.java:525) ~[spring-beans-7.0.8.jar:7.0.8]
	at org.springframework.beans.factory.support.AbstractBeanFactory.lambda$doGetBean$0(AbstractBeanFactory.java:333) ~[spring-beans-7.0.8.jar:7.0.8]
	at org.springframework.beans.factory.support.DefaultSingletonBeanRegistry.getSingleton(DefaultSingletonBeanRegistry.java:371) ~[spring-beans-7.0.8.jar:7.0.8]
	at org.springframework.beans.factory.support.AbstractBeanFactory.doGetBean(AbstractBeanFactory.java:331) ~[spring-beans-7.0.8.jar:7.0.8]
	at org.springframework.beans.factory.support.AbstractBeanFactory.getBean(AbstractBeanFactory.java:196) ~[spring-beans-7.0.8.jar:7.0.8]
	at org.springframework.beans.factory.support.DefaultListableBeanFactory.instantiateSingleton(DefaultListableBeanFactory.java:1225) ~[spring-beans-7.0.8.jar:7.0.8]
	at org.springframework.beans.factory.support.DefaultListableBeanFactory.preInstantiateSingleton(DefaultListableBeanFactory.java:1191) ~[spring-beans-7.0.8.jar:7.0.8]
	at org.springframework.beans.factory.support.DefaultListableBeanFactory.preInstantiateSingletons(DefaultListableBeanFactory.java:1121) ~[spring-beans-7.0.8.jar:7.0.8]
	at org.springframework.context.support.AbstractApplicationContext.finishBeanFactoryInitialization(AbstractApplicationContext.java:994) ~[spring-context-7.0.8.jar:7.0.8]
	at org.springframework.context.support.AbstractApplicationContext.refresh(AbstractApplicationContext.java:621) ~[spring-context-7.0.8.jar:7.0.8]
	at org.springframework.boot.web.server.servlet.context.ServletWebServerApplicationContext.refresh(ServletWebServerApplicationContext.java:143) ~[spring-boot-web-server-4.1.0.jar:4.1.0]
	at org.springframework.boot.SpringApplication.refresh(SpringApplication.java:756) ~[spring-boot-4.1.0.jar:4.1.0]
	at org.springframework.boot.SpringApplication.refreshContext(SpringApplication.java:445) ~[spring-boot-4.1.0.jar:4.1.0]
	at org.springframework.boot.SpringApplication.run(SpringApplication.java:321) ~[spring-boot-4.1.0.jar:4.1.0]
	at org.springframework.boot.SpringApplication.run(SpringApplication.java:1365) ~[spring-boot-4.1.0.jar:4.1.0]
	at org.springframework.boot.SpringApplication.run(SpringApplication.java:1354) ~[spring-boot-4.1.0.jar:4.1.0]
	at com.codequest.libralink.LibraLinkApplication.main(LibraLinkApplication.java:9) ~[classes/:na]
	at java.base/jdk.internal.reflect.DirectMethodHandleAccessor.invoke(DirectMethodHandleAccessor.java:104) ~[na:na]
	at java.base/java.lang.reflect.Method.invoke(Method.java:565) ~[na:na]
	at org.springframework.boot.devtools.restart.RestartLauncher.run(RestartLauncher.java:52) ~[spring-boot-devtools-4.1.0.jar:4.1.0]
Caused by: java.lang.IllegalStateException: Failed to introspect Class [com.codequest.libralink.controller.FineController] from ClassLoader [org.springframework.boot.devtools.restart.classloader.RestartClassLoader@5f33ae04]
	at org.springframework.util.ReflectionUtils.getDeclaredMethods(ReflectionUtils.java:483) ~[spring-core-7.0.8.jar:7.0.8]
	at org.springframework.util.ReflectionUtils.doWithLocalMethods(ReflectionUtils.java:320) ~[spring-core-7.0.8.jar:7.0.8]
	at org.springframework.beans.factory.annotation.AutowiredAnnotationBeanPostProcessor.checkLookupMethods(AutowiredAnnotationBeanPostProcessor.java:460) ~[spring-beans-7.0.8.jar:7.0.8]
	... 24 common frames omitted
Caused by: java.lang.NoClassDefFoundError: com/codequest/libralink/entity/Fine
	at java.base/java.lang.Class.getDeclaredMethods0(Native Method) ~[na:na]
	at java.base/java.lang.Class.privateGetDeclaredMethods(Class.java:3010) ~[na:na]
	at java.base/java.lang.Class.getDeclaredMethods(Class.java:2329) ~[na:na]
	at org.springframework.util.ReflectionUtils.getDeclaredMethods(ReflectionUtils.java:465) ~[spring-core-7.0.8.jar:7.0.8]
	... 26 common frames omitted
Caused by: java.lang.ClassNotFoundException: com.codequest.libralink.entity.Fine
	at java.base/jdk.internal.loader.BuiltinClassLoader.loadClass(BuiltinClassLoader.java:580) ~[na:na]
	at java.base/java.lang.ClassLoader.loadClass(ClassLoader.java:490) ~[na:na]
	at java.base/java.lang.Class.forName0(Native Method) ~[na:na]
	at java.base/java.lang.Class.forName(Class.java:547) ~[na:na]
	at org.springframework.boot.devtools.restart.classloader.RestartClassLoader.loadClass(RestartClassLoader.java:123) ~[spring-boot-devtools-4.1.0.jar:4.1.0]
	at java.base/java.lang.ClassLoader.loadClass(ClassLoader.java:490) ~[na:na]
	... 30 common frames omitted


  .   ____          _            __ _ _
 /\\ / ___'_ __ _ _(_)_ __  __ _ \ \ \ \
( ( )\___ | '_ | '_| | '_ \/ _` | \ \ \ \
 \\/  ___)| |_)| | | | | || (_| |  ) ) ) )
  '  |____| .__|_| |_|_| |_\__, | / / / /
 =========|_|==============|___/=/_/_/_/

 :: Spring Boot ::                (v4.1.0)

2026-06-24T22:39:24.697-12:00  INFO 12460 --- [LibraLink] [  restartedMain] c.c.libralink.LibraLinkApplication       : Starting LibraLinkApplication using Java 25.0.1 with PID 12460 (C:\Users\HP\Downloads\LibraLink\Backend\target\classes started by HP in C:\Users\HP\Downloads\LibraLink\Backend)
2026-06-24T22:39:24.698-12:00  INFO 12460 --- [LibraLink] [  restartedMain] c.c.libralink.LibraLinkApplication       : No active profile set, falling back to 1 default profile: "default"
2026-06-24T22:39:25.028-12:00  INFO 12460 --- [LibraLink] [  restartedMain] .s.d.r.c.RepositoryConfigurationDelegate : Bootstrapping Spring Data JPA repositories in DEFAULT mode.
2026-06-24T22:39:25.084-12:00  INFO 12460 --- [LibraLink] [  restartedMain] .s.d.r.c.RepositoryConfigurationDelegate : Finished Spring Data repository scanning in 52 ms. Found 11 JPA repository interfaces.
2026-06-24T22:39:25.267-12:00  INFO 12460 --- [LibraLink] [  restartedMain] o.s.boot.tomcat.TomcatWebServer          : Tomcat initialized with port 8081 (http)
2026-06-24T22:39:25.313-12:00  INFO 12460 --- [LibraLink] [  restartedMain] o.apache.catalina.core.StandardService   : Starting service [Tomcat]
2026-06-24T22:39:25.314-12:00  INFO 12460 --- [LibraLink] [  restartedMain] o.apache.catalina.core.StandardEngine    : Starting Servlet engine: [Apache Tomcat/11.0.22]
2026-06-24T22:39:25.349-12:00  INFO 12460 --- [LibraLink] [  restartedMain] b.w.c.s.WebApplicationContextInitializer : Root WebApplicationContext: initialization completed in 648 ms
2026-06-24T22:39:25.418-12:00  INFO 12460 --- [LibraLink] [  restartedMain] org.hibernate.orm.jpa                    : HHH008540: Processing PersistenceUnitInfo [name: default]
2026-06-24T22:39:25.485-12:00  INFO 12460 --- [LibraLink] [  restartedMain] o.s.o.j.p.SpringPersistenceUnitInfo      : No LoadTimeWeaver setup: ignoring JPA class transformer
2026-06-24T22:39:25.486-12:00  WARN 12460 --- [LibraLink] [  restartedMain] org.hibernate.orm.deprecation            : HHH90000021: Encountered deprecated setting [hibernate.temp.use_jdbc_metadata_defaults], use [hibernate.boot.allow_jdbc_metadata_access] instead
2026-06-24T22:39:25.487-12:00  WARN 12460 --- [LibraLink] [  restartedMain] org.hibernate.orm.deprecation            : HHH90000025: PostgreSQLDialect does not need to be specified explicitly using 'hibernate.dialect' (remove the property setting and it will be selected by default)
2026-06-24T22:39:25.487-12:00  INFO 12460 --- [LibraLink] [  restartedMain] org.hibernate.orm.connections.pooling    : HHH10001005: Database info:
	Database JDBC URL [undefined/unknown]
	Database driver: undefined/unknown
	Database dialect: PostgreSQLDialect
	Database version: 14.0
	Default catalog/schema: unknown/unknown
	Autocommit mode: undefined/unknown
	Isolation level: <unknown>
	JDBC fetch size: undefined/unknown
	Pool: undefined/unknown
	Minimum pool size: undefined/unknown
	Maximum pool size: undefined/unknown
2026-06-24T22:39:25.714-12:00  INFO 12460 --- [LibraLink] [  restartedMain] org.hibernate.orm.core                   : HHH000489: No JTA platform available (set 'hibernate.transaction.jta.platform' to enable JTA platform integration)
2026-06-24T22:39:25.716-12:00  INFO 12460 --- [LibraLink] [  restartedMain] com.zaxxer.hikari.HikariDataSource       : HikariPool-18 - Starting...
2026-06-24T22:39:25.822-12:00  INFO 12460 --- [LibraLink] [  restartedMain] com.zaxxer.hikari.pool.HikariPool        : HikariPool-18 - Added connection org.postgresql.jdbc.PgConnection@6348cb2f
2026-06-24T22:39:25.822-12:00  INFO 12460 --- [LibraLink] [  restartedMain] com.zaxxer.hikari.HikariDataSource       : HikariPool-18 - Start completed.
2026-06-24T22:39:25.874-12:00  INFO 12460 --- [LibraLink] [  restartedMain] j.LocalContainerEntityManagerFactoryBean : Initialized JPA EntityManagerFactory for persistence unit 'default'
2026-06-24T22:39:26.202-12:00  WARN 12460 --- [LibraLink] [  restartedMain] JpaBaseConfiguration$JpaWebConfiguration : spring.jpa.open-in-view is enabled by default. Therefore, database queries may be performed during view rendering. Explicitly configure spring.jpa.open-in-view to disable this warning
2026-06-24T22:39:26.640-12:00  INFO 12460 --- [LibraLink] [  restartedMain] o.s.boot.tomcat.TomcatWebServer          : Tomcat started on port 8081 (http) with context path '/'
2026-06-24T22:39:26.690-12:00  INFO 12460 --- [LibraLink] [  restartedMain] c.c.libralink.LibraLinkApplication       : Started LibraLinkApplication in 2.148 seconds (process running for 2272.635)
2026-06-24T22:39:26.693-12:00  INFO 12460 --- [LibraLink] [  restartedMain] .ConditionEvaluationDeltaLoggingListener : Condition evaluation unchanged
2026-06-24T22:39:28.069-12:00  INFO 12460 --- [LibraLink] [   File Watcher] rtingClassPathChangeChangedEventListener : Restarting due to 87 class path changes (42 additions, 0 deletions, 45 modifications)
2026-06-24T22:39:28.114-12:00  INFO 12460 --- [LibraLink] [      Thread-59] o.s.boot.tomcat.GracefulShutdown         : Commencing graceful shutdown. Waiting for active requests to complete
2026-06-24T22:39:28.122-12:00  INFO 12460 --- [LibraLink] [tomcat-shutdown] o.s.boot.tomcat.GracefulShutdown         : Graceful shutdown complete
2026-06-24T22:39:28.125-12:00  INFO 12460 --- [LibraLink] [      Thread-59] j.LocalContainerEntityManagerFactoryBean : Closing JPA EntityManagerFactory for persistence unit 'default'
2026-06-24T22:39:28.126-12:00  INFO 12460 --- [LibraLink] [      Thread-59] com.zaxxer.hikari.HikariDataSource       : HikariPool-18 - Shutdown initiated...
2026-06-24T22:39:28.129-12:00  INFO 12460 --- [LibraLink] [      Thread-59] com.zaxxer.hikari.HikariDataSource       : HikariPool-18 - Shutdown completed.

  .   ____          _            __ _ _
 /\\ / ___'_ __ _ _(_)_ __  __ _ \ \ \ \
( ( )\___ | '_ | '_| | '_ \/ _` | \ \ \ \
 \\/  ___)| |_)| | | | | || (_| |  ) ) ) )
  '  |____| .__|_| |_|_| |_\__, | / / / /
 =========|_|==============|___/=/_/_/_/

 :: Spring Boot ::                (v4.1.0)

2026-06-24T22:39:28.318-12:00  INFO 12460 --- [LibraLink] [  restartedMain] c.c.libralink.LibraLinkApplication       : Starting LibraLinkApplication using Java 25.0.1 with PID 12460 (C:\Users\HP\Downloads\LibraLink\Backend\target\classes started by HP in C:\Users\HP\Downloads\LibraLink\Backend)
2026-06-24T22:39:28.319-12:00  INFO 12460 --- [LibraLink] [  restartedMain] c.c.libralink.LibraLinkApplication       : No active profile set, falling back to 1 default profile: "default"
2026-06-24T22:39:28.982-12:00  INFO 12460 --- [LibraLink] [  restartedMain] .s.d.r.c.RepositoryConfigurationDelegate : Bootstrapping Spring Data JPA repositories in DEFAULT mode.
2026-06-24T22:39:29.099-12:00  INFO 12460 --- [LibraLink] [  restartedMain] .s.d.r.c.RepositoryConfigurationDelegate : Finished Spring Data repository scanning in 68 ms. Found 21 JPA repository interfaces.
2026-06-24T22:39:29.260-12:00  INFO 12460 --- [LibraLink] [  restartedMain] o.s.boot.tomcat.TomcatWebServer          : Tomcat initialized with port 8081 (http)
2026-06-24T22:39:29.308-12:00  INFO 12460 --- [LibraLink] [  restartedMain] o.apache.catalina.core.StandardService   : Starting service [Tomcat]
2026-06-24T22:39:29.308-12:00  INFO 12460 --- [LibraLink] [  restartedMain] o.apache.catalina.core.StandardEngine    : Starting Servlet engine: [Apache Tomcat/11.0.22]
2026-06-24T22:39:29.343-12:00  INFO 12460 --- [LibraLink] [  restartedMain] b.w.c.s.WebApplicationContextInitializer : Root WebApplicationContext: initialization completed in 1022 ms
2026-06-24T22:39:29.431-12:00  INFO 12460 --- [LibraLink] [  restartedMain] org.hibernate.orm.jpa                    : HHH008540: Processing PersistenceUnitInfo [name: default]
2026-06-24T22:39:29.516-12:00  INFO 12460 --- [LibraLink] [  restartedMain] o.s.o.j.p.SpringPersistenceUnitInfo      : No LoadTimeWeaver setup: ignoring JPA class transformer
2026-06-24T22:39:29.518-12:00  WARN 12460 --- [LibraLink] [  restartedMain] org.hibernate.orm.deprecation            : HHH90000021: Encountered deprecated setting [hibernate.temp.use_jdbc_metadata_defaults], use [hibernate.boot.allow_jdbc_metadata_access] instead
2026-06-24T22:39:29.519-12:00  WARN 12460 --- [LibraLink] [  restartedMain] org.hibernate.orm.deprecation            : HHH90000025: PostgreSQLDialect does not need to be specified explicitly using 'hibernate.dialect' (remove the property setting and it will be selected by default)
2026-06-24T22:39:29.520-12:00  INFO 12460 --- [LibraLink] [  restartedMain] org.hibernate.orm.connections.pooling    : HHH10001005: Database info:
	Database JDBC URL [undefined/unknown]
	Database driver: undefined/unknown
	Database dialect: PostgreSQLDialect
	Database version: 14.0
	Default catalog/schema: unknown/unknown
	Autocommit mode: undefined/unknown
	Isolation level: <unknown>
	JDBC fetch size: undefined/unknown
	Pool: undefined/unknown
	Minimum pool size: undefined/unknown
	Maximum pool size: undefined/unknown
2026-06-24T22:39:29.987-12:00  INFO 12460 --- [LibraLink] [  restartedMain] org.hibernate.orm.core                   : HHH000489: No JTA platform available (set 'hibernate.transaction.jta.platform' to enable JTA platform integration)
2026-06-24T22:39:30.036-12:00  INFO 12460 --- [LibraLink] [  restartedMain] com.zaxxer.hikari.HikariDataSource       : HikariPool-19 - Starting...
2026-06-24T22:39:30.116-12:00  INFO 12460 --- [LibraLink] [  restartedMain] com.zaxxer.hikari.pool.HikariPool        : HikariPool-19 - Added connection org.postgresql.jdbc.PgConnection@244b3973
2026-06-24T22:39:30.117-12:00  INFO 12460 --- [LibraLink] [  restartedMain] com.zaxxer.hikari.HikariDataSource       : HikariPool-19 - Start completed.
2026-06-24T22:39:30.172-12:00  INFO 12460 --- [LibraLink] [  restartedMain] j.LocalContainerEntityManagerFactoryBean : Initialized JPA EntityManagerFactory for persistence unit 'default'
2026-06-24T22:39:30.701-12:00  WARN 12460 --- [LibraLink] [  restartedMain] JpaBaseConfiguration$JpaWebConfiguration : spring.jpa.open-in-view is enabled by default. Therefore, database queries may be performed during view rendering. Explicitly configure spring.jpa.open-in-view to disable this warning
2026-06-24T22:39:30.927-12:00  INFO 12460 --- [LibraLink] [  restartedMain] o.s.boot.tomcat.TomcatWebServer          : Tomcat started on port 8081 (http) with context path '/'
2026-06-24T22:39:30.960-12:00  INFO 12460 --- [LibraLink] [  restartedMain] c.c.libralink.LibraLinkApplication       : Started LibraLinkApplication in 2.731 seconds (process running for 2276.905)
2026-06-24T22:39:30.962-12:00  INFO 12460 --- [LibraLink] [  restartedMain] .ConditionEvaluationDeltaLoggingListener : Condition evaluation unchanged
2026-06-24T23:00:10.017-12:00  INFO 12460 --- [LibraLink] [   File Watcher] rtingClassPathChangeChangedEventListener : Restarting due to 42 class path changes (0 additions, 42 deletions, 0 modifications)
2026-06-24T23:00:10.079-12:00  INFO 12460 --- [LibraLink] [      Thread-66] o.s.boot.tomcat.GracefulShutdown         : Commencing graceful shutdown. Waiting for active requests to complete
2026-06-24T23:00:10.093-12:00  INFO 12460 --- [LibraLink] [tomcat-shutdown] o.s.boot.tomcat.GracefulShutdown         : Graceful shutdown complete
2026-06-24T23:00:10.105-12:00  INFO 12460 --- [LibraLink] [      Thread-66] j.LocalContainerEntityManagerFactoryBean : Closing JPA EntityManagerFactory for persistence unit 'default'
2026-06-24T23:00:10.107-12:00  INFO 12460 --- [LibraLink] [      Thread-66] com.zaxxer.hikari.HikariDataSource       : HikariPool-19 - Shutdown initiated...
2026-06-24T23:00:10.110-12:00  INFO 12460 --- [LibraLink] [      Thread-66] com.zaxxer.hikari.HikariDataSource       : HikariPool-19 - Shutdown completed.

  .   ____          _            __ _ _
 /\\ / ___'_ __ _ _(_)_ __  __ _ \ \ \ \
( ( )\___ | '_ | '_| | '_ \/ _` | \ \ \ \
 \\/  ___)| |_)| | | | | || (_| |  ) ) ) )
  '  |____| .__|_| |_|_| |_\__, | / / / /
 =========|_|==============|___/=/_/_/_/

 :: Spring Boot ::                (v4.1.0)

2026-06-24T23:00:10.412-12:00  INFO 12460 --- [LibraLink] [  restartedMain] c.c.libralink.LibraLinkApplication       : Starting LibraLinkApplication using Java 25.0.1 with PID 12460 (C:\Users\HP\Downloads\LibraLink\Backend\target\classes started by HP in C:\Users\HP\Downloads\LibraLink\Backend)
2026-06-24T23:00:10.413-12:00  INFO 12460 --- [LibraLink] [  restartedMain] c.c.libralink.LibraLinkApplication       : No active profile set, falling back to 1 default profile: "default"
2026-06-24T23:00:11.052-12:00  INFO 12460 --- [LibraLink] [  restartedMain] .s.d.r.c.RepositoryConfigurationDelegate : Bootstrapping Spring Data JPA repositories in DEFAULT mode.
2026-06-24T23:00:11.169-12:00  INFO 12460 --- [LibraLink] [  restartedMain] .s.d.r.c.RepositoryConfigurationDelegate : Finished Spring Data repository scanning in 68 ms. Found 11 JPA repository interfaces.
2026-06-24T23:00:11.434-12:00  INFO 12460 --- [LibraLink] [  restartedMain] o.s.boot.tomcat.TomcatWebServer          : Tomcat initialized with port 8081 (http)
2026-06-24T23:00:11.440-12:00  INFO 12460 --- [LibraLink] [  restartedMain] o.apache.catalina.core.StandardService   : Starting service [Tomcat]
2026-06-24T23:00:11.447-12:00  INFO 12460 --- [LibraLink] [  restartedMain] o.apache.catalina.core.StandardEngine    : Starting Servlet engine: [Apache Tomcat/11.0.22]
2026-06-24T23:00:11.499-12:00  INFO 12460 --- [LibraLink] [  restartedMain] b.w.c.s.WebApplicationContextInitializer : Root WebApplicationContext: initialization completed in 1074 ms
2026-06-24T23:00:11.678-12:00  INFO 12460 --- [LibraLink] [  restartedMain] org.hibernate.orm.jpa                    : HHH008540: Processing PersistenceUnitInfo [name: default]
2026-06-24T23:00:11.800-12:00  INFO 12460 --- [LibraLink] [  restartedMain] o.s.o.j.p.SpringPersistenceUnitInfo      : No LoadTimeWeaver setup: ignoring JPA class transformer
2026-06-24T23:00:11.807-12:00  WARN 12460 --- [LibraLink] [  restartedMain] org.hibernate.orm.deprecation            : HHH90000021: Encountered deprecated setting [hibernate.temp.use_jdbc_metadata_defaults], use [hibernate.boot.allow_jdbc_metadata_access] instead
2026-06-24T23:00:11.808-12:00  WARN 12460 --- [LibraLink] [  restartedMain] org.hibernate.orm.deprecation            : HHH90000025: PostgreSQLDialect does not need to be specified explicitly using 'hibernate.dialect' (remove the property setting and it will be selected by default)
2026-06-24T23:00:11.811-12:00  INFO 12460 --- [LibraLink] [  restartedMain] org.hibernate.orm.connections.pooling    : HHH10001005: Database info:
	Database JDBC URL [undefined/unknown]
	Database driver: undefined/unknown
	Database dialect: PostgreSQLDialect
	Database version: 14.0
	Default catalog/schema: unknown/unknown
	Autocommit mode: undefined/unknown
	Isolation level: <unknown>
	JDBC fetch size: undefined/unknown
	Pool: undefined/unknown
	Minimum pool size: undefined/unknown
	Maximum pool size: undefined/unknown
2026-06-24T23:00:12.449-12:00  INFO 12460 --- [LibraLink] [  restartedMain] org.hibernate.orm.core                   : HHH000489: No JTA platform available (set 'hibernate.transaction.jta.platform' to enable JTA platform integration)
2026-06-24T23:00:12.501-12:00  INFO 12460 --- [LibraLink] [  restartedMain] com.zaxxer.hikari.HikariDataSource       : HikariPool-20 - Starting...
2026-06-24T23:00:12.711-12:00  INFO 12460 --- [LibraLink] [  restartedMain] com.zaxxer.hikari.pool.HikariPool        : HikariPool-20 - Added connection org.postgresql.jdbc.PgConnection@7e97ece1
2026-06-24T23:00:12.746-12:00  INFO 12460 --- [LibraLink] [  restartedMain] com.zaxxer.hikari.HikariDataSource       : HikariPool-20 - Start completed.
2026-06-24T23:00:12.802-12:00  INFO 12460 --- [LibraLink] [  restartedMain] j.LocalContainerEntityManagerFactoryBean : Initialized JPA EntityManagerFactory for persistence unit 'default'
2026-06-24T23:00:13.224-12:00  WARN 12460 --- [LibraLink] [  restartedMain] JpaBaseConfiguration$JpaWebConfiguration : spring.jpa.open-in-view is enabled by default. Therefore, database queries may be performed during view rendering. Explicitly configure spring.jpa.open-in-view to disable this warning
2026-06-24T23:00:13.674-12:00  INFO 12460 --- [LibraLink] [  restartedMain] o.s.boot.tomcat.TomcatWebServer          : Tomcat started on port 8081 (http) with context path '/'
2026-06-24T23:00:13.728-12:00  INFO 12460 --- [LibraLink] [  restartedMain] c.c.libralink.LibraLinkApplication       : Started LibraLinkApplication in 3.495 seconds (process running for 3519.672)
2026-06-24T23:00:13.731-12:00  INFO 12460 --- [LibraLink] [  restartedMain] .ConditionEvaluationDeltaLoggingListener : Condition evaluation unchanged
2026-06-24T23:12:37.063-12:00  INFO 12460 --- [LibraLink] [   File Watcher] rtingClassPathChangeChangedEventListener : Restarting due to 19 class path changes (0 additions, 19 deletions, 0 modifications)
2026-06-24T23:12:37.112-12:00  INFO 12460 --- [LibraLink] [      Thread-70] o.s.boot.tomcat.GracefulShutdown         : Commencing graceful shutdown. Waiting for active requests to complete
2026-06-24T23:12:37.119-12:00  INFO 12460 --- [LibraLink] [tomcat-shutdown] o.s.boot.tomcat.GracefulShutdown         : Graceful shutdown complete
2026-06-24T23:12:37.126-12:00  INFO 12460 --- [LibraLink] [      Thread-70] j.LocalContainerEntityManagerFactoryBean : Closing JPA EntityManagerFactory for persistence unit 'default'
2026-06-24T23:12:37.128-12:00  INFO 12460 --- [LibraLink] [      Thread-70] com.zaxxer.hikari.HikariDataSource       : HikariPool-20 - Shutdown initiated...
2026-06-24T23:12:37.158-12:00  INFO 12460 --- [LibraLink] [      Thread-70] com.zaxxer.hikari.HikariDataSource       : HikariPool-20 - Shutdown completed.

  .   ____          _            __ _ _
 /\\ / ___'_ __ _ _(_)_ __  __ _ \ \ \ \
( ( )\___ | '_ | '_| | '_ \/ _` | \ \ \ \
 \\/  ___)| |_)| | | | | || (_| |  ) ) ) )
  '  |____| .__|_| |_|_| |_\__, | / / / /
 =========|_|==============|___/=/_/_/_/

 :: Spring Boot ::                (v4.1.0)

2026-06-24T23:12:37.378-12:00  INFO 12460 --- [LibraLink] [  restartedMain] c.c.libralink.LibraLinkApplication       : Starting LibraLinkApplication using Java 25.0.1 with PID 12460 (C:\Users\HP\Downloads\LibraLink\Backend\target\classes started by HP in C:\Users\HP\Downloads\LibraLink\Backend)
2026-06-24T23:12:37.378-12:00  INFO 12460 --- [LibraLink] [  restartedMain] c.c.libralink.LibraLinkApplication       : No active profile set, falling back to 1 default profile: "default"
2026-06-24T23:12:37.855-12:00  INFO 12460 --- [LibraLink] [  restartedMain] .s.d.r.c.RepositoryConfigurationDelegate : Bootstrapping Spring Data JPA repositories in DEFAULT mode.
2026-06-24T23:12:37.950-12:00  INFO 12460 --- [LibraLink] [  restartedMain] .s.d.r.c.RepositoryConfigurationDelegate : Finished Spring Data repository scanning in 45 ms. Found 11 JPA repository interfaces.
2026-06-24T23:12:38.153-12:00  INFO 12460 --- [LibraLink] [  restartedMain] o.s.boot.tomcat.TomcatWebServer          : Tomcat initialized with port 8081 (http)
2026-06-24T23:12:38.203-12:00  INFO 12460 --- [LibraLink] [  restartedMain] o.apache.catalina.core.StandardService   : Starting service [Tomcat]
2026-06-24T23:12:38.205-12:00  INFO 12460 --- [LibraLink] [  restartedMain] o.apache.catalina.core.StandardEngine    : Starting Servlet engine: [Apache Tomcat/11.0.22]
2026-06-24T23:12:38.252-12:00  INFO 12460 --- [LibraLink] [  restartedMain] b.w.c.s.WebApplicationContextInitializer : Root WebApplicationContext: initialization completed in 866 ms
2026-06-24T23:12:38.350-12:00  INFO 12460 --- [LibraLink] [  restartedMain] org.hibernate.orm.jpa                    : HHH008540: Processing PersistenceUnitInfo [name: default]
2026-06-24T23:12:38.429-12:00  INFO 12460 --- [LibraLink] [  restartedMain] o.s.o.j.p.SpringPersistenceUnitInfo      : No LoadTimeWeaver setup: ignoring JPA class transformer
2026-06-24T23:12:38.431-12:00  WARN 12460 --- [LibraLink] [  restartedMain] org.hibernate.orm.deprecation            : HHH90000021: Encountered deprecated setting [hibernate.temp.use_jdbc_metadata_defaults], use [hibernate.boot.allow_jdbc_metadata_access] instead
2026-06-24T23:12:38.431-12:00  WARN 12460 --- [LibraLink] [  restartedMain] org.hibernate.orm.deprecation            : HHH90000025: PostgreSQLDialect does not need to be specified explicitly using 'hibernate.dialect' (remove the property setting and it will be selected by default)
2026-06-24T23:12:38.432-12:00  INFO 12460 --- [LibraLink] [  restartedMain] org.hibernate.orm.connections.pooling    : HHH10001005: Database info:
	Database JDBC URL [undefined/unknown]
	Database driver: undefined/unknown
	Database dialect: PostgreSQLDialect
	Database version: 14.0
	Default catalog/schema: unknown/unknown
	Autocommit mode: undefined/unknown
	Isolation level: <unknown>
	JDBC fetch size: undefined/unknown
	Pool: undefined/unknown
	Minimum pool size: undefined/unknown
	Maximum pool size: undefined/unknown
2026-06-24T23:12:38.868-12:00  INFO 12460 --- [LibraLink] [  restartedMain] org.hibernate.orm.core                   : HHH000489: No JTA platform available (set 'hibernate.transaction.jta.platform' to enable JTA platform integration)
2026-06-24T23:12:38.875-12:00  INFO 12460 --- [LibraLink] [  restartedMain] com.zaxxer.hikari.HikariDataSource       : HikariPool-21 - Starting...
2026-06-24T23:12:38.980-12:00  INFO 12460 --- [LibraLink] [  restartedMain] com.zaxxer.hikari.pool.HikariPool        : HikariPool-21 - Added connection org.postgresql.jdbc.PgConnection@6d592f9a
2026-06-24T23:12:38.981-12:00  INFO 12460 --- [LibraLink] [  restartedMain] com.zaxxer.hikari.HikariDataSource       : HikariPool-21 - Start completed.
2026-06-24T23:12:39.042-12:00  INFO 12460 --- [LibraLink] [  restartedMain] j.LocalContainerEntityManagerFactoryBean : Initialized JPA EntityManagerFactory for persistence unit 'default'
2026-06-24T23:12:39.631-12:00  WARN 12460 --- [LibraLink] [  restartedMain] JpaBaseConfiguration$JpaWebConfiguration : spring.jpa.open-in-view is enabled by default. Therefore, database queries may be performed during view rendering. Explicitly configure spring.jpa.open-in-view to disable this warning
2026-06-24T23:12:40.113-12:00  INFO 12460 --- [LibraLink] [  restartedMain] o.s.boot.tomcat.TomcatWebServer          : Tomcat started on port 8081 (http) with context path '/'
2026-06-24T23:12:40.133-12:00  INFO 12460 --- [LibraLink] [  restartedMain] c.c.libralink.LibraLinkApplication       : Started LibraLinkApplication in 2.863 seconds (process running for 4266.077)
2026-06-24T23:12:40.135-12:00  INFO 12460 --- [LibraLink] [  restartedMain] .ConditionEvaluationDeltaLoggingListener : Condition evaluation unchanged
2026-06-24T23:12:41.559-12:00  INFO 12460 --- [LibraLink] [   File Watcher] rtingClassPathChangeChangedEventListener : Restarting due to 87 class path changes (42 additions, 0 deletions, 45 modifications)
2026-06-24T23:12:41.561-12:00  INFO 12460 --- [LibraLink] [      Thread-74] o.s.boot.tomcat.GracefulShutdown         : Commencing graceful shutdown. Waiting for active requests to complete
2026-06-24T23:12:41.570-12:00  INFO 12460 --- [LibraLink] [tomcat-shutdown] o.s.boot.tomcat.GracefulShutdown         : Graceful shutdown complete
2026-06-24T23:12:41.573-12:00  INFO 12460 --- [LibraLink] [      Thread-74] j.LocalContainerEntityManagerFactoryBean : Closing JPA EntityManagerFactory for persistence unit 'default'
2026-06-24T23:12:41.575-12:00  INFO 12460 --- [LibraLink] [      Thread-74] com.zaxxer.hikari.HikariDataSource       : HikariPool-21 - Shutdown initiated...
2026-06-24T23:12:41.583-12:00  INFO 12460 --- [LibraLink] [      Thread-74] com.zaxxer.hikari.HikariDataSource       : HikariPool-21 - Shutdown completed.

  .   ____          _            __ _ _
 /\\ / ___'_ __ _ _(_)_ __  __ _ \ \ \ \
( ( )\___ | '_ | '_| | '_ \/ _` | \ \ \ \
 \\/  ___)| |_)| | | | | || (_| |  ) ) ) )
  '  |____| .__|_| |_|_| |_\__, | / / / /
 =========|_|==============|___/=/_/_/_/

 :: Spring Boot ::                (v4.1.0)

2026-06-24T23:12:41.809-12:00  INFO 12460 --- [LibraLink] [  restartedMain] c.c.libralink.LibraLinkApplication       : Starting LibraLinkApplication using Java 25.0.1 with PID 12460 (C:\Users\HP\Downloads\LibraLink\Backend\target\classes started by HP in C:\Users\HP\Downloads\LibraLink\Backend)
2026-06-24T23:12:41.810-12:00  INFO 12460 --- [LibraLink] [  restartedMain] c.c.libralink.LibraLinkApplication       : No active profile set, falling back to 1 default profile: "default"
2026-06-24T23:12:42.262-12:00  INFO 12460 --- [LibraLink] [  restartedMain] .s.d.r.c.RepositoryConfigurationDelegate : Bootstrapping Spring Data JPA repositories in DEFAULT mode.
2026-06-24T23:12:42.424-12:00  INFO 12460 --- [LibraLink] [  restartedMain] .s.d.r.c.RepositoryConfigurationDelegate : Finished Spring Data repository scanning in 113 ms. Found 21 JPA repository interfaces.
2026-06-24T23:12:42.696-12:00  INFO 12460 --- [LibraLink] [  restartedMain] o.s.boot.tomcat.TomcatWebServer          : Tomcat initialized with port 8081 (http)
2026-06-24T23:12:42.745-12:00  INFO 12460 --- [LibraLink] [  restartedMain] o.apache.catalina.core.StandardService   : Starting service [Tomcat]
2026-06-24T23:12:42.746-12:00  INFO 12460 --- [LibraLink] [  restartedMain] o.apache.catalina.core.StandardEngine    : Starting Servlet engine: [Apache Tomcat/11.0.22]
2026-06-24T23:12:42.790-12:00  INFO 12460 --- [LibraLink] [  restartedMain] b.w.c.s.WebApplicationContextInitializer : Root WebApplicationContext: initialization completed in 977 ms
2026-06-24T23:12:42.892-12:00  INFO 12460 --- [LibraLink] [  restartedMain] org.hibernate.orm.jpa                    : HHH008540: Processing PersistenceUnitInfo [name: default]
2026-06-24T23:12:42.953-12:00  INFO 12460 --- [LibraLink] [  restartedMain] o.s.o.j.p.SpringPersistenceUnitInfo      : No LoadTimeWeaver setup: ignoring JPA class transformer
2026-06-24T23:12:42.954-12:00  WARN 12460 --- [LibraLink] [  restartedMain] org.hibernate.orm.deprecation            : HHH90000021: Encountered deprecated setting [hibernate.temp.use_jdbc_metadata_defaults], use [hibernate.boot.allow_jdbc_metadata_access] instead
2026-06-24T23:12:42.955-12:00  WARN 12460 --- [LibraLink] [  restartedMain] org.hibernate.orm.deprecation            : HHH90000025: PostgreSQLDialect does not need to be specified explicitly using 'hibernate.dialect' (remove the property setting and it will be selected by default)
2026-06-24T23:12:42.955-12:00  INFO 12460 --- [LibraLink] [  restartedMain] org.hibernate.orm.connections.pooling    : HHH10001005: Database info:
	Database JDBC URL [undefined/unknown]
	Database driver: undefined/unknown
	Database dialect: PostgreSQLDialect
	Database version: 14.0
	Default catalog/schema: unknown/unknown
	Autocommit mode: undefined/unknown
	Isolation level: <unknown>
	JDBC fetch size: undefined/unknown
	Pool: undefined/unknown
	Minimum pool size: undefined/unknown
	Maximum pool size: undefined/unknown
2026-06-24T23:12:43.395-12:00  INFO 12460 --- [LibraLink] [  restartedMain] org.hibernate.orm.core                   : HHH000489: No JTA platform available (set 'hibernate.transaction.jta.platform' to enable JTA platform integration)
2026-06-24T23:12:43.444-12:00  INFO 12460 --- [LibraLink] [  restartedMain] com.zaxxer.hikari.HikariDataSource       : HikariPool-22 - Starting...
2026-06-24T23:12:43.528-12:00  INFO 12460 --- [LibraLink] [  restartedMain] com.zaxxer.hikari.pool.HikariPool        : HikariPool-22 - Added connection org.postgresql.jdbc.PgConnection@32a5c059
2026-06-24T23:12:43.528-12:00  INFO 12460 --- [LibraLink] [  restartedMain] com.zaxxer.hikari.HikariDataSource       : HikariPool-22 - Start completed.
2026-06-24T23:12:43.572-12:00  INFO 12460 --- [LibraLink] [  restartedMain] j.LocalContainerEntityManagerFactoryBean : Initialized JPA EntityManagerFactory for persistence unit 'default'
2026-06-24T23:12:44.112-12:00  WARN 12460 --- [LibraLink] [  restartedMain] JpaBaseConfiguration$JpaWebConfiguration : spring.jpa.open-in-view is enabled by default. Therefore, database queries may be performed during view rendering. Explicitly configure spring.jpa.open-in-view to disable this warning
2026-06-24T23:12:44.347-12:00  INFO 12460 --- [LibraLink] [  restartedMain] o.s.boot.tomcat.TomcatWebServer          : Tomcat started on port 8081 (http) with context path '/'
2026-06-24T23:12:44.350-12:00  INFO 12460 --- [LibraLink] [  restartedMain] c.c.libralink.LibraLinkApplication       : Started LibraLinkApplication in 2.649 seconds (process running for 4270.295)
2026-06-24T23:12:44.352-12:00  INFO 12460 --- [LibraLink] [  restartedMain] .ConditionEvaluationDeltaLoggingListener : Condition evaluation unchanged
2026-06-24T23:22:35.213-12:00  WARN 12460 --- [LibraLink] [-22:housekeeper] com.zaxxer.hikari.pool.HikariPool        : HikariPool-22 - Thread starvation or clock leap detected (housekeeper delta=1m21s566ms594µs300ns).
2026-06-24T23:53:53.801-12:00  INFO 12460 --- [LibraLink] [   File Watcher] rtingClassPathChangeChangedEventListener : Restarting due to 42 class path changes (0 additions, 42 deletions, 0 modifications)
2026-06-24T23:53:53.805-12:00  INFO 12460 --- [LibraLink] [      Thread-78] o.s.boot.tomcat.GracefulShutdown         : Commencing graceful shutdown. Waiting for active requests to complete
2026-06-24T23:53:53.809-12:00  INFO 12460 --- [LibraLink] [tomcat-shutdown] o.s.boot.tomcat.GracefulShutdown         : Graceful shutdown complete
2026-06-24T23:53:53.813-12:00  INFO 12460 --- [LibraLink] [      Thread-78] j.LocalContainerEntityManagerFactoryBean : Closing JPA EntityManagerFactory for persistence unit 'default'
2026-06-24T23:53:53.815-12:00  INFO 12460 --- [LibraLink] [      Thread-78] com.zaxxer.hikari.HikariDataSource       : HikariPool-22 - Shutdown initiated...
2026-06-24T23:53:53.822-12:00  INFO 12460 --- [LibraLink] [      Thread-78] com.zaxxer.hikari.HikariDataSource       : HikariPool-22 - Shutdown completed.

  .   ____          _            __ _ _
 /\\ / ___'_ __ _ _(_)_ __  __ _ \ \ \ \
( ( )\___ | '_ | '_| | '_ \/ _` | \ \ \ \
 \\/  ___)| |_)| | | | | || (_| |  ) ) ) )
  '  |____| .__|_| |_|_| |_\__, | / / / /
 =========|_|==============|___/=/_/_/_/

 :: Spring Boot ::                (v4.1.0)

2026-06-24T23:53:53.946-12:00  INFO 12460 --- [LibraLink] [  restartedMain] c.c.libralink.LibraLinkApplication       : Starting LibraLinkApplication using Java 25.0.1 with PID 12460 (C:\Users\HP\Downloads\LibraLink\Backend\target\classes started by HP in C:\Users\HP\Downloads\LibraLink\Backend)
2026-06-24T23:53:53.946-12:00  INFO 12460 --- [LibraLink] [  restartedMain] c.c.libralink.LibraLinkApplication       : No active profile set, falling back to 1 default profile: "default"
2026-06-24T23:53:54.208-12:00  INFO 12460 --- [LibraLink] [  restartedMain] .s.d.r.c.RepositoryConfigurationDelegate : Bootstrapping Spring Data JPA repositories in DEFAULT mode.
2026-06-24T23:53:54.254-12:00  INFO 12460 --- [LibraLink] [  restartedMain] .s.d.r.c.RepositoryConfigurationDelegate : Finished Spring Data repository scanning in 36 ms. Found 11 JPA repository interfaces.
2026-06-24T23:53:54.393-12:00  INFO 12460 --- [LibraLink] [  restartedMain] o.s.boot.tomcat.TomcatWebServer          : Tomcat initialized with port 8081 (http)
2026-06-24T23:53:54.396-12:00  INFO 12460 --- [LibraLink] [  restartedMain] o.apache.catalina.core.StandardService   : Starting service [Tomcat]
2026-06-24T23:53:54.396-12:00  INFO 12460 --- [LibraLink] [  restartedMain] o.apache.catalina.core.StandardEngine    : Starting Servlet engine: [Apache Tomcat/11.0.22]
2026-06-24T23:53:54.414-12:00  INFO 12460 --- [LibraLink] [  restartedMain] b.w.c.s.WebApplicationContextInitializer : Root WebApplicationContext: initialization completed in 461 ms
2026-06-24T23:53:54.460-12:00  INFO 12460 --- [LibraLink] [  restartedMain] org.hibernate.orm.jpa                    : HHH008540: Processing PersistenceUnitInfo [name: default]
2026-06-24T23:53:54.500-12:00  INFO 12460 --- [LibraLink] [  restartedMain] o.s.o.j.p.SpringPersistenceUnitInfo      : No LoadTimeWeaver setup: ignoring JPA class transformer
2026-06-24T23:53:54.501-12:00  WARN 12460 --- [LibraLink] [  restartedMain] org.hibernate.orm.deprecation            : HHH90000021: Encountered deprecated setting [hibernate.temp.use_jdbc_metadata_defaults], use [hibernate.boot.allow_jdbc_metadata_access] instead
2026-06-24T23:53:54.502-12:00  WARN 12460 --- [LibraLink] [  restartedMain] org.hibernate.orm.deprecation            : HHH90000025: PostgreSQLDialect does not need to be specified explicitly using 'hibernate.dialect' (remove the property setting and it will be selected by default)
2026-06-24T23:53:54.502-12:00  INFO 12460 --- [LibraLink] [  restartedMain] org.hibernate.orm.connections.pooling    : HHH10001005: Database info:
	Database JDBC URL [undefined/unknown]
	Database driver: undefined/unknown
	Database dialect: PostgreSQLDialect
	Database version: 14.0
	Default catalog/schema: unknown/unknown
	Autocommit mode: undefined/unknown
	Isolation level: <unknown>
	JDBC fetch size: undefined/unknown
	Pool: undefined/unknown
	Minimum pool size: undefined/unknown
	Maximum pool size: undefined/unknown
2026-06-24T23:53:54.719-12:00  INFO 12460 --- [LibraLink] [  restartedMain] org.hibernate.orm.core                   : HHH000489: No JTA platform available (set 'hibernate.transaction.jta.platform' to enable JTA platform integration)
2026-06-24T23:53:54.721-12:00  INFO 12460 --- [LibraLink] [  restartedMain] com.zaxxer.hikari.HikariDataSource       : HikariPool-23 - Starting...
2026-06-24T23:53:54.759-12:00  INFO 12460 --- [LibraLink] [  restartedMain] com.zaxxer.hikari.pool.HikariPool        : HikariPool-23 - Added connection org.postgresql.jdbc.PgConnection@2bdf11bd
2026-06-24T23:53:54.759-12:00  INFO 12460 --- [LibraLink] [  restartedMain] com.zaxxer.hikari.HikariDataSource       : HikariPool-23 - Start completed.
2026-06-24T23:53:54.784-12:00  INFO 12460 --- [LibraLink] [  restartedMain] j.LocalContainerEntityManagerFactoryBean : Initialized JPA EntityManagerFactory for persistence unit 'default'
2026-06-24T23:53:54.987-12:00  WARN 12460 --- [LibraLink] [  restartedMain] JpaBaseConfiguration$JpaWebConfiguration : spring.jpa.open-in-view is enabled by default. Therefore, database queries may be performed during view rendering. Explicitly configure spring.jpa.open-in-view to disable this warning
2026-06-24T23:53:55.087-12:00  INFO 12460 --- [LibraLink] [  restartedMain] o.s.boot.tomcat.TomcatWebServer          : Tomcat started on port 8081 (http) with context path '/'
2026-06-24T23:53:55.089-12:00  INFO 12460 --- [LibraLink] [  restartedMain] c.c.libralink.LibraLinkApplication       : Started LibraLinkApplication in 1.206 seconds (process running for 6741.034)
2026-06-24T23:53:55.091-12:00  INFO 12460 --- [LibraLink] [  restartedMain] .ConditionEvaluationDeltaLoggingListener : Condition evaluation unchanged
2026-06-24T23:58:14.569-12:00  INFO 12460 --- [LibraLink] [   File Watcher] rtingClassPathChangeChangedEventListener : Restarting due to 87 class path changes (42 additions, 0 deletions, 45 modifications)
2026-06-24T23:58:14.571-12:00  INFO 12460 --- [LibraLink] [      Thread-82] o.s.boot.tomcat.GracefulShutdown         : Commencing graceful shutdown. Waiting for active requests to complete
2026-06-24T23:58:14.575-12:00  INFO 12460 --- [LibraLink] [tomcat-shutdown] o.s.boot.tomcat.GracefulShutdown         : Graceful shutdown complete
2026-06-24T23:58:14.578-12:00  INFO 12460 --- [LibraLink] [      Thread-82] j.LocalContainerEntityManagerFactoryBean : Closing JPA EntityManagerFactory for persistence unit 'default'
2026-06-24T23:58:14.580-12:00  INFO 12460 --- [LibraLink] [      Thread-82] com.zaxxer.hikari.HikariDataSource       : HikariPool-23 - Shutdown initiated...
2026-06-24T23:58:14.583-12:00  INFO 12460 --- [LibraLink] [      Thread-82] com.zaxxer.hikari.HikariDataSource       : HikariPool-23 - Shutdown completed.

  .   ____          _            __ _ _
 /\\ / ___'_ __ _ _(_)_ __  __ _ \ \ \ \
( ( )\___ | '_ | '_| | '_ \/ _` | \ \ \ \
 \\/  ___)| |_)| | | | | || (_| |  ) ) ) )
  '  |____| .__|_| |_|_| |_\__, | / / / /
 =========|_|==============|___/=/_/_/_/

 :: Spring Boot ::                (v4.1.0)

2026-06-24T23:58:14.667-12:00  INFO 12460 --- [LibraLink] [  restartedMain] c.c.libralink.LibraLinkApplication       : Starting LibraLinkApplication using Java 25.0.1 with PID 12460 (C:\Users\HP\Downloads\LibraLink\Backend\target\classes started by HP in C:\Users\HP\Downloads\LibraLink\Backend)
2026-06-24T23:58:14.667-12:00  INFO 12460 --- [LibraLink] [  restartedMain] c.c.libralink.LibraLinkApplication       : No active profile set, falling back to 1 default profile: "default"
2026-06-24T23:58:14.881-12:00  INFO 12460 --- [LibraLink] [  restartedMain] .s.d.r.c.RepositoryConfigurationDelegate : Bootstrapping Spring Data JPA repositories in DEFAULT mode.
2026-06-24T23:58:14.925-12:00  INFO 12460 --- [LibraLink] [  restartedMain] .s.d.r.c.RepositoryConfigurationDelegate : Finished Spring Data repository scanning in 42 ms. Found 21 JPA repository interfaces.
2026-06-24T23:58:15.031-12:00  INFO 12460 --- [LibraLink] [  restartedMain] o.s.boot.tomcat.TomcatWebServer          : Tomcat initialized with port 8081 (http)
2026-06-24T23:58:15.033-12:00  INFO 12460 --- [LibraLink] [  restartedMain] o.apache.catalina.core.StandardService   : Starting service [Tomcat]
2026-06-24T23:58:15.034-12:00  INFO 12460 --- [LibraLink] [  restartedMain] o.apache.catalina.core.StandardEngine    : Starting Servlet engine: [Apache Tomcat/11.0.22]
2026-06-24T23:58:15.058-12:00  INFO 12460 --- [LibraLink] [  restartedMain] b.w.c.s.WebApplicationContextInitializer : Root WebApplicationContext: initialization completed in 389 ms
2026-06-24T23:58:15.099-12:00  INFO 12460 --- [LibraLink] [  restartedMain] org.hibernate.orm.jpa                    : HHH008540: Processing PersistenceUnitInfo [name: default]
2026-06-24T23:58:15.136-12:00  INFO 12460 --- [LibraLink] [  restartedMain] o.s.o.j.p.SpringPersistenceUnitInfo      : No LoadTimeWeaver setup: ignoring JPA class transformer
2026-06-24T23:58:15.137-12:00  WARN 12460 --- [LibraLink] [  restartedMain] org.hibernate.orm.deprecation            : HHH90000021: Encountered deprecated setting [hibernate.temp.use_jdbc_metadata_defaults], use [hibernate.boot.allow_jdbc_metadata_access] instead
2026-06-24T23:58:15.138-12:00  WARN 12460 --- [LibraLink] [  restartedMain] org.hibernate.orm.deprecation            : HHH90000025: PostgreSQLDialect does not need to be specified explicitly using 'hibernate.dialect' (remove the property setting and it will be selected by default)
2026-06-24T23:58:15.139-12:00  INFO 12460 --- [LibraLink] [  restartedMain] org.hibernate.orm.connections.pooling    : HHH10001005: Database info:
	Database JDBC URL [undefined/unknown]
	Database driver: undefined/unknown
	Database dialect: PostgreSQLDialect
	Database version: 14.0
	Default catalog/schema: unknown/unknown
	Autocommit mode: undefined/unknown
	Isolation level: <unknown>
	JDBC fetch size: undefined/unknown
	Pool: undefined/unknown
	Minimum pool size: undefined/unknown
	Maximum pool size: undefined/unknown
2026-06-24T23:58:15.459-12:00  INFO 12460 --- [LibraLink] [  restartedMain] org.hibernate.orm.core                   : HHH000489: No JTA platform available (set 'hibernate.transaction.jta.platform' to enable JTA platform integration)
2026-06-24T23:58:15.469-12:00  INFO 12460 --- [LibraLink] [  restartedMain] com.zaxxer.hikari.HikariDataSource       : HikariPool-24 - Starting...
2026-06-24T23:58:15.515-12:00  INFO 12460 --- [LibraLink] [  restartedMain] com.zaxxer.hikari.pool.HikariPool        : HikariPool-24 - Added connection org.postgresql.jdbc.PgConnection@3ad6e5e6
2026-06-24T23:58:15.516-12:00  INFO 12460 --- [LibraLink] [  restartedMain] com.zaxxer.hikari.HikariDataSource       : HikariPool-24 - Start completed.
2026-06-24T23:58:15.543-12:00  INFO 12460 --- [LibraLink] [  restartedMain] j.LocalContainerEntityManagerFactoryBean : Initialized JPA EntityManagerFactory for persistence unit 'default'
2026-06-24T23:58:15.864-12:00  WARN 12460 --- [LibraLink] [  restartedMain] JpaBaseConfiguration$JpaWebConfiguration : spring.jpa.open-in-view is enabled by default. Therefore, database queries may be performed during view rendering. Explicitly configure spring.jpa.open-in-view to disable this warning
2026-06-24T23:58:16.006-12:00  INFO 12460 --- [LibraLink] [  restartedMain] o.s.boot.tomcat.TomcatWebServer          : Tomcat started on port 8081 (http) with context path '/'
2026-06-24T23:58:16.008-12:00  INFO 12460 --- [LibraLink] [  restartedMain] c.c.libralink.LibraLinkApplication       : Started LibraLinkApplication in 1.372 seconds (process running for 7001.953)
2026-06-24T23:58:16.009-12:00  INFO 12460 --- [LibraLink] [  restartedMain] .ConditionEvaluationDeltaLoggingListener : Condition evaluation unchanged
2026-06-25T00:11:41.428-12:00  INFO 12460 --- [LibraLink] [   File Watcher] rtingClassPathChangeChangedEventListener : Restarting due to 42 class path changes (0 additions, 42 deletions, 0 modifications)
2026-06-25T00:11:41.430-12:00  INFO 12460 --- [LibraLink] [      Thread-86] o.s.boot.tomcat.GracefulShutdown         : Commencing graceful shutdown. Waiting for active requests to complete
2026-06-25T00:11:41.435-12:00  INFO 12460 --- [LibraLink] [tomcat-shutdown] o.s.boot.tomcat.GracefulShutdown         : Graceful shutdown complete
2026-06-25T00:11:41.440-12:00  INFO 12460 --- [LibraLink] [      Thread-86] j.LocalContainerEntityManagerFactoryBean : Closing JPA EntityManagerFactory for persistence unit 'default'
2026-06-25T00:11:41.442-12:00  INFO 12460 --- [LibraLink] [      Thread-86] com.zaxxer.hikari.HikariDataSource       : HikariPool-24 - Shutdown initiated...
2026-06-25T00:11:41.446-12:00  INFO 12460 --- [LibraLink] [      Thread-86] com.zaxxer.hikari.HikariDataSource       : HikariPool-24 - Shutdown completed.

  .   ____          _            __ _ _
 /\\ / ___'_ __ _ _(_)_ __  __ _ \ \ \ \
( ( )\___ | '_ | '_| | '_ \/ _` | \ \ \ \
 \\/  ___)| |_)| | | | | || (_| |  ) ) ) )
  '  |____| .__|_| |_|_| |_\__, | / / / /
 =========|_|==============|___/=/_/_/_/

 :: Spring Boot ::                (v4.1.0)

2026-06-25T00:11:41.611-12:00  INFO 12460 --- [LibraLink] [  restartedMain] c.c.libralink.LibraLinkApplication       : Starting LibraLinkApplication using Java 25.0.1 with PID 12460 (C:\Users\HP\Downloads\LibraLink\Backend\target\classes started by HP in C:\Users\HP\Downloads\LibraLink\Backend)
2026-06-25T00:11:41.612-12:00  INFO 12460 --- [LibraLink] [  restartedMain] c.c.libralink.LibraLinkApplication       : No active profile set, falling back to 1 default profile: "default"
2026-06-25T00:11:42.132-12:00  INFO 12460 --- [LibraLink] [  restartedMain] .s.d.r.c.RepositoryConfigurationDelegate : Bootstrapping Spring Data JPA repositories in DEFAULT mode.
2026-06-25T00:11:42.307-12:00  INFO 12460 --- [LibraLink] [  restartedMain] .s.d.r.c.RepositoryConfigurationDelegate : Finished Spring Data repository scanning in 165 ms. Found 21 JPA repository interfaces.
2026-06-25T00:11:42.497-12:00  INFO 12460 --- [LibraLink] [  restartedMain] o.s.boot.tomcat.TomcatWebServer          : Tomcat initialized with port 8081 (http)
2026-06-25T00:11:42.500-12:00  INFO 12460 --- [LibraLink] [  restartedMain] o.apache.catalina.core.StandardService   : Starting service [Tomcat]
2026-06-25T00:11:42.501-12:00  INFO 12460 --- [LibraLink] [  restartedMain] o.apache.catalina.core.StandardEngine    : Starting Servlet engine: [Apache Tomcat/11.0.22]
2026-06-25T00:11:42.526-12:00  INFO 12460 --- [LibraLink] [  restartedMain] b.w.c.s.WebApplicationContextInitializer : Root WebApplicationContext: initialization completed in 908 ms
2026-06-25T00:11:42.617-12:00  INFO 12460 --- [LibraLink] [  restartedMain] org.hibernate.orm.jpa                    : HHH008540: Processing PersistenceUnitInfo [name: default]
2026-06-25T00:11:42.696-12:00  INFO 12460 --- [LibraLink] [  restartedMain] o.s.o.j.p.SpringPersistenceUnitInfo      : No LoadTimeWeaver setup: ignoring JPA class transformer
2026-06-25T00:11:42.701-12:00  WARN 12460 --- [LibraLink] [  restartedMain] org.hibernate.orm.deprecation            : HHH90000021: Encountered deprecated setting [hibernate.temp.use_jdbc_metadata_defaults], use [hibernate.boot.allow_jdbc_metadata_access] instead
2026-06-25T00:11:42.702-12:00  WARN 12460 --- [LibraLink] [  restartedMain] org.hibernate.orm.deprecation            : HHH90000025: PostgreSQLDialect does not need to be specified explicitly using 'hibernate.dialect' (remove the property setting and it will be selected by default)
2026-06-25T00:11:42.702-12:00  INFO 12460 --- [LibraLink] [  restartedMain] org.hibernate.orm.connections.pooling    : HHH10001005: Database info:
	Database JDBC URL [undefined/unknown]
	Database driver: undefined/unknown
	Database dialect: PostgreSQLDialect
	Database version: 14.0
	Default catalog/schema: unknown/unknown
	Autocommit mode: undefined/unknown
	Isolation level: <unknown>
	JDBC fetch size: undefined/unknown
	Pool: undefined/unknown
	Minimum pool size: undefined/unknown
	Maximum pool size: undefined/unknown
2026-06-25T00:11:43.202-12:00  INFO 12460 --- [LibraLink] [  restartedMain] org.hibernate.orm.core                   : HHH000489: No JTA platform available (set 'hibernate.transaction.jta.platform' to enable JTA platform integration)
2026-06-25T00:11:43.207-12:00  INFO 12460 --- [LibraLink] [  restartedMain] com.zaxxer.hikari.HikariDataSource       : HikariPool-25 - Starting...
2026-06-25T00:11:43.260-12:00  INFO 12460 --- [LibraLink] [  restartedMain] com.zaxxer.hikari.pool.HikariPool        : HikariPool-25 - Added connection org.postgresql.jdbc.PgConnection@5eb719d1
2026-06-25T00:11:43.261-12:00  INFO 12460 --- [LibraLink] [  restartedMain] com.zaxxer.hikari.HikariDataSource       : HikariPool-25 - Start completed.
2026-06-25T00:11:43.291-12:00 ERROR 12460 --- [LibraLink] [  restartedMain] j.LocalContainerEntityManagerFactoryBean : Failed to initialize JPA EntityManagerFactory: Unable to build Hibernate SessionFactory  [persistence unit: default] ; nested exception is org.hibernate.tool.schema.spi.SchemaManagementException: Schema validation: wrong column type encountered in column [reading_deadline] in table [reading_list_items]; found [date (Types#DATE)], but expecting [timestamp(6) (Types#TIMESTAMP)]
2026-06-25T00:11:43.292-12:00  WARN 12460 --- [LibraLink] [  restartedMain] ConfigServletWebServerApplicationContext : Exception encountered during context initialization - cancelling refresh attempt: org.springframework.beans.factory.BeanCreationException: Error creating bean with name 'entityManagerFactory' defined in class path resource [org/springframework/boot/hibernate/autoconfigure/HibernateJpaConfiguration.class]: Unable to build Hibernate SessionFactory  [persistence unit: default] ; nested exception is org.hibernate.tool.schema.spi.SchemaManagementException: Schema validation: wrong column type encountered in column [reading_deadline] in table [reading_list_items]; found [date (Types#DATE)], but expecting [timestamp(6) (Types#TIMESTAMP)]
2026-06-25T00:11:43.292-12:00  INFO 12460 --- [LibraLink] [  restartedMain] com.zaxxer.hikari.HikariDataSource       : HikariPool-25 - Shutdown initiated...
2026-06-25T00:11:43.292-12:00  INFO 12460 --- [LibraLink] [  restartedMain] com.zaxxer.hikari.HikariDataSource       : HikariPool-25 - Shutdown completed.
2026-06-25T00:11:43.293-12:00  INFO 12460 --- [LibraLink] [  restartedMain] o.apache.catalina.core.StandardService   : Stopping service [Tomcat]
2026-06-25T00:11:43.298-12:00  INFO 12460 --- [LibraLink] [  restartedMain] .s.b.a.l.ConditionEvaluationReportLogger : 

Error starting ApplicationContext. To display the condition evaluation report re-run your application with 'debug' enabled.
2026-06-25T00:11:43.302-12:00 ERROR 12460 --- [LibraLink] [  restartedMain] o.s.boot.SpringApplication               : Application run failed

org.springframework.beans.factory.BeanCreationException: Error creating bean with name 'entityManagerFactory' defined in class path resource [org/springframework/boot/hibernate/autoconfigure/HibernateJpaConfiguration.class]: Unable to build Hibernate SessionFactory  [persistence unit: default] ; nested exception is org.hibernate.tool.schema.spi.SchemaManagementException: Schema validation: wrong column type encountered in column [reading_deadline] in table [reading_list_items]; found [date (Types#DATE)], but expecting [timestamp(6) (Types#TIMESTAMP)]
	at org.springframework.beans.factory.support.AbstractAutowireCapableBeanFactory.initializeBean(AbstractAutowireCapableBeanFactory.java:1815) ~[spring-beans-7.0.8.jar:7.0.8]
	at org.springframework.beans.factory.support.AbstractAutowireCapableBeanFactory.doCreateBean(AbstractAutowireCapableBeanFactory.java:603) ~[spring-beans-7.0.8.jar:7.0.8]
	at org.springframework.beans.factory.support.AbstractAutowireCapableBeanFactory.createBean(AbstractAutowireCapableBeanFactory.java:525) ~[spring-beans-7.0.8.jar:7.0.8]
	at org.springframework.beans.factory.support.AbstractBeanFactory.lambda$doGetBean$0(AbstractBeanFactory.java:333) ~[spring-beans-7.0.8.jar:7.0.8]
	at org.springframework.beans.factory.support.DefaultSingletonBeanRegistry.getSingleton(DefaultSingletonBeanRegistry.java:371) ~[spring-beans-7.0.8.jar:7.0.8]
	at org.springframework.beans.factory.support.AbstractBeanFactory.doGetBean(AbstractBeanFactory.java:331) ~[spring-beans-7.0.8.jar:7.0.8]
	at org.springframework.beans.factory.support.AbstractBeanFactory.getBean(AbstractBeanFactory.java:201) ~[spring-beans-7.0.8.jar:7.0.8]
	at org.springframework.context.support.AbstractApplicationContext.finishBeanFactoryInitialization(AbstractApplicationContext.java:977) ~[spring-context-7.0.8.jar:7.0.8]
	at org.springframework.context.support.AbstractApplicationContext.refresh(AbstractApplicationContext.java:621) ~[spring-context-7.0.8.jar:7.0.8]
	at org.springframework.boot.web.server.servlet.context.ServletWebServerApplicationContext.refresh(ServletWebServerApplicationContext.java:143) ~[spring-boot-web-server-4.1.0.jar:4.1.0]
	at org.springframework.boot.SpringApplication.refresh(SpringApplication.java:756) ~[spring-boot-4.1.0.jar:4.1.0]
	at org.springframework.boot.SpringApplication.refreshContext(SpringApplication.java:445) ~[spring-boot-4.1.0.jar:4.1.0]
	at org.springframework.boot.SpringApplication.run(SpringApplication.java:321) ~[spring-boot-4.1.0.jar:4.1.0]
	at org.springframework.boot.SpringApplication.run(SpringApplication.java:1365) ~[spring-boot-4.1.0.jar:4.1.0]
	at org.springframework.boot.SpringApplication.run(SpringApplication.java:1354) ~[spring-boot-4.1.0.jar:4.1.0]
	at com.codequest.libralink.LibraLinkApplication.main(LibraLinkApplication.java:9) ~[classes/:na]
	at java.base/jdk.internal.reflect.DirectMethodHandleAccessor.invoke(DirectMethodHandleAccessor.java:104) ~[na:na]
	at java.base/java.lang.reflect.Method.invoke(Method.java:565) ~[na:na]
	at org.springframework.boot.devtools.restart.RestartLauncher.run(RestartLauncher.java:52) ~[spring-boot-devtools-4.1.0.jar:4.1.0]
Caused by: jakarta.persistence.PersistenceException: Unable to build Hibernate SessionFactory  [persistence unit: default] ; nested exception is org.hibernate.tool.schema.spi.SchemaManagementException: Schema validation: wrong column type encountered in column [reading_deadline] in table [reading_list_items]; found [date (Types#DATE)], but expecting [timestamp(6) (Types#TIMESTAMP)]
	at org.springframework.orm.jpa.AbstractEntityManagerFactoryBean.buildNativeEntityManagerFactory(AbstractEntityManagerFactoryBean.java:448) ~[spring-orm-7.0.8.jar:7.0.8]
	at org.springframework.orm.jpa.AbstractEntityManagerFactoryBean.afterPropertiesSet(AbstractEntityManagerFactoryBean.java:411) ~[spring-orm-7.0.8.jar:7.0.8]
	at org.springframework.orm.jpa.LocalContainerEntityManagerFactoryBean.afterPropertiesSet(LocalContainerEntityManagerFactoryBean.java:419) ~[spring-orm-7.0.8.jar:7.0.8]
	at org.springframework.beans.factory.support.AbstractAutowireCapableBeanFactory.invokeInitMethods(AbstractAutowireCapableBeanFactory.java:1862) ~[spring-beans-7.0.8.jar:7.0.8]
	at org.springframework.beans.factory.support.AbstractAutowireCapableBeanFactory.initializeBean(AbstractAutowireCapableBeanFactory.java:1811) ~[spring-beans-7.0.8.jar:7.0.8]
	... 18 common frames omitted
Caused by: org.hibernate.tool.schema.spi.SchemaManagementException: Schema validation: wrong column type encountered in column [reading_deadline] in table [reading_list_items]; found [date (Types#DATE)], but expecting [timestamp(6) (Types#TIMESTAMP)]
	at org.hibernate.tool.schema.internal.AbstractSchemaValidator.validateColumnType(AbstractSchemaValidator.java:163) ~[hibernate-core-7.4.1.Final.jar:7.4.1.Final]
	at org.hibernate.tool.schema.internal.AbstractSchemaValidator.validateTable(AbstractSchemaValidator.java:148) ~[hibernate-core-7.4.1.Final.jar:7.4.1.Final]
	at org.hibernate.tool.schema.internal.GroupedSchemaValidatorImpl.validateTables(GroupedSchemaValidatorImpl.java:42) ~[hibernate-core-7.4.1.Final.jar:7.4.1.Final]
	at org.hibernate.tool.schema.internal.AbstractSchemaValidator.performValidation(AbstractSchemaValidator.java:97) ~[hibernate-core-7.4.1.Final.jar:7.4.1.Final]
	at org.hibernate.tool.schema.internal.AbstractSchemaValidator.doValidation(AbstractSchemaValidator.java:75) ~[hibernate-core-7.4.1.Final.jar:7.4.1.Final]
	at org.hibernate.tool.schema.spi.SchemaManagementToolCoordinator.performDatabaseAction(SchemaManagementToolCoordinator.java:278) ~[hibernate-core-7.4.1.Final.jar:7.4.1.Final]
	at org.hibernate.tool.schema.spi.SchemaManagementToolCoordinator.lambda$process$1(SchemaManagementToolCoordinator.java:101) ~[hibernate-core-7.4.1.Final.jar:7.4.1.Final]
	at java.base/java.util.HashMap.forEach(HashMap.java:1430) ~[na:na]
	at org.hibernate.tool.schema.spi.SchemaManagementToolCoordinator.process(SchemaManagementToolCoordinator.java:100) ~[hibernate-core-7.4.1.Final.jar:7.4.1.Final]
	at org.hibernate.boot.internal.SessionFactoryObserverForSchemaExport.sessionFactoryCreated(SessionFactoryObserverForSchemaExport.java:35) ~[hibernate-core-7.4.1.Final.jar:7.4.1.Final]
	at org.hibernate.internal.SessionFactoryObserverChain.sessionFactoryCreated(SessionFactoryObserverChain.java:33) ~[hibernate-core-7.4.1.Final.jar:7.4.1.Final]
	at org.hibernate.internal.SessionFactoryImpl.<init>(SessionFactoryImpl.java:327) ~[hibernate-core-7.4.1.Final.jar:7.4.1.Final]
	at org.hibernate.internal.SessionFactoryRegistry.instantiateSessionFactory(SessionFactoryRegistry.java:64) ~[hibernate-core-7.4.1.Final.jar:7.4.1.Final]
	at org.hibernate.boot.internal.SessionFactoryBuilderImpl.build(SessionFactoryBuilderImpl.java:458) ~[hibernate-core-7.4.1.Final.jar:7.4.1.Final]
	at org.hibernate.jpa.boot.internal.EntityManagerFactoryBuilderImpl.build(EntityManagerFactoryBuilderImpl.java:1452) ~[hibernate-core-7.4.1.Final.jar:7.4.1.Final]
	at org.springframework.orm.jpa.vendor.SpringHibernateJpaPersistenceProvider.createContainerEntityManagerFactory(SpringHibernateJpaPersistenceProvider.java:93) ~[spring-orm-7.0.8.jar:7.0.8]
	at org.springframework.orm.jpa.LocalContainerEntityManagerFactoryBean.createNativeEntityManagerFactory(LocalContainerEntityManagerFactoryBean.java:443) ~[spring-orm-7.0.8.jar:7.0.8]
	at org.springframework.orm.jpa.AbstractEntityManagerFactoryBean.buildNativeEntityManagerFactory(AbstractEntityManagerFactoryBean.java:436) ~[spring-orm-7.0.8.jar:7.0.8]
	... 22 common frames omitted


  .   ____          _            __ _ _
 /\\ / ___'_ __ _ _(_)_ __  __ _ \ \ \ \
( ( )\___ | '_ | '_| | '_ \/ _` | \ \ \ \
 \\/  ___)| |_)| | | | | || (_| |  ) ) ) )
  '  |____| .__|_| |_|_| |_\__, | / / / /
 =========|_|==============|___/=/_/_/_/

 :: Spring Boot ::                (v4.1.0)

2026-06-25T00:15:34.067-12:00  INFO 12460 --- [LibraLink] [  restartedMain] c.c.libralink.LibraLinkApplication       : Starting LibraLinkApplication using Java 25.0.1 with PID 12460 (C:\Users\HP\Downloads\LibraLink\Backend\target\classes started by HP in C:\Users\HP\Downloads\LibraLink\Backend)
2026-06-25T00:15:34.068-12:00  INFO 12460 --- [LibraLink] [  restartedMain] c.c.libralink.LibraLinkApplication       : No active profile set, falling back to 1 default profile: "default"
2026-06-25T00:15:34.463-12:00  INFO 12460 --- [LibraLink] [  restartedMain] .s.d.r.c.RepositoryConfigurationDelegate : Bootstrapping Spring Data JPA repositories in DEFAULT mode.
2026-06-25T00:15:34.534-12:00  INFO 12460 --- [LibraLink] [  restartedMain] .s.d.r.c.RepositoryConfigurationDelegate : Finished Spring Data repository scanning in 60 ms. Found 21 JPA repository interfaces.
2026-06-25T00:15:34.698-12:00  INFO 12460 --- [LibraLink] [  restartedMain] o.s.boot.tomcat.TomcatWebServer          : Tomcat initialized with port 8081 (http)
2026-06-25T00:15:34.700-12:00  INFO 12460 --- [LibraLink] [  restartedMain] o.apache.catalina.core.StandardService   : Starting service [Tomcat]
2026-06-25T00:15:34.700-12:00  INFO 12460 --- [LibraLink] [  restartedMain] o.apache.catalina.core.StandardEngine    : Starting Servlet engine: [Apache Tomcat/11.0.22]
2026-06-25T00:15:34.721-12:00  INFO 12460 --- [LibraLink] [  restartedMain] b.w.c.s.WebApplicationContextInitializer : Root WebApplicationContext: initialization completed in 650 ms
2026-06-25T00:15:34.792-12:00  INFO 12460 --- [LibraLink] [  restartedMain] org.hibernate.orm.jpa                    : HHH008540: Processing PersistenceUnitInfo [name: default]
2026-06-25T00:15:34.833-12:00  INFO 12460 --- [LibraLink] [  restartedMain] o.s.o.j.p.SpringPersistenceUnitInfo      : No LoadTimeWeaver setup: ignoring JPA class transformer
2026-06-25T00:15:34.836-12:00  WARN 12460 --- [LibraLink] [  restartedMain] org.hibernate.orm.deprecation            : HHH90000021: Encountered deprecated setting [hibernate.temp.use_jdbc_metadata_defaults], use [hibernate.boot.allow_jdbc_metadata_access] instead
2026-06-25T00:15:34.836-12:00  WARN 12460 --- [LibraLink] [  restartedMain] org.hibernate.orm.deprecation            : HHH90000025: PostgreSQLDialect does not need to be specified explicitly using 'hibernate.dialect' (remove the property setting and it will be selected by default)
2026-06-25T00:15:34.836-12:00  INFO 12460 --- [LibraLink] [  restartedMain] org.hibernate.orm.connections.pooling    : HHH10001005: Database info:
	Database JDBC URL [undefined/unknown]
	Database driver: undefined/unknown
	Database dialect: PostgreSQLDialect
	Database version: 14.0
	Default catalog/schema: unknown/unknown
	Autocommit mode: undefined/unknown
	Isolation level: <unknown>
	JDBC fetch size: undefined/unknown
	Pool: undefined/unknown
	Minimum pool size: undefined/unknown
	Maximum pool size: undefined/unknown
2026-06-25T00:15:35.197-12:00  INFO 12460 --- [LibraLink] [  restartedMain] org.hibernate.orm.core                   : HHH000489: No JTA platform available (set 'hibernate.transaction.jta.platform' to enable JTA platform integration)
2026-06-25T00:15:35.199-12:00  INFO 12460 --- [LibraLink] [  restartedMain] com.zaxxer.hikari.HikariDataSource       : HikariPool-26 - Starting...
2026-06-25T00:15:35.244-12:00  INFO 12460 --- [LibraLink] [  restartedMain] com.zaxxer.hikari.pool.HikariPool        : HikariPool-26 - Added connection org.postgresql.jdbc.PgConnection@6411b51c
2026-06-25T00:15:35.244-12:00  INFO 12460 --- [LibraLink] [  restartedMain] com.zaxxer.hikari.HikariDataSource       : HikariPool-26 - Start completed.
2026-06-25T00:15:35.269-12:00  INFO 12460 --- [LibraLink] [  restartedMain] j.LocalContainerEntityManagerFactoryBean : Initialized JPA EntityManagerFactory for persistence unit 'default'
2026-06-25T00:15:35.602-12:00  WARN 12460 --- [LibraLink] [  restartedMain] JpaBaseConfiguration$JpaWebConfiguration : spring.jpa.open-in-view is enabled by default. Therefore, database queries may be performed during view rendering. Explicitly configure spring.jpa.open-in-view to disable this warning
2026-06-25T00:15:35.739-12:00  INFO 12460 --- [LibraLink] [  restartedMain] o.s.boot.tomcat.TomcatWebServer          : Tomcat started on port 8081 (http) with context path '/'
2026-06-25T00:15:35.742-12:00  INFO 12460 --- [LibraLink] [  restartedMain] c.c.libralink.LibraLinkApplication       : Started LibraLinkApplication in 1.724 seconds (process running for 8041.686)
2026-06-25T00:15:35.743-12:00  INFO 12460 --- [LibraLink] [  restartedMain] .ConditionEvaluationDeltaLoggingListener : Condition evaluation unchanged
2026-06-25T00:19:04.669-12:00  INFO 12460 --- [LibraLink] [   File Watcher] rtingClassPathChangeChangedEventListener : Restarting due to 87 class path changes (0 additions, 0 deletions, 87 modifications)
2026-06-25T00:19:04.678-12:00  INFO 12460 --- [LibraLink] [      Thread-90] o.s.boot.tomcat.GracefulShutdown         : Commencing graceful shutdown. Waiting for active requests to complete
2026-06-25T00:19:04.682-12:00  INFO 12460 --- [LibraLink] [tomcat-shutdown] o.s.boot.tomcat.GracefulShutdown         : Graceful shutdown complete
2026-06-25T00:19:04.688-12:00  INFO 12460 --- [LibraLink] [      Thread-90] j.LocalContainerEntityManagerFactoryBean : Closing JPA EntityManagerFactory for persistence unit 'default'
2026-06-25T00:19:04.689-12:00  INFO 12460 --- [LibraLink] [      Thread-90] com.zaxxer.hikari.HikariDataSource       : HikariPool-26 - Shutdown initiated...
2026-06-25T00:19:04.698-12:00  INFO 12460 --- [LibraLink] [      Thread-90] com.zaxxer.hikari.HikariDataSource       : HikariPool-26 - Shutdown completed.

  .   ____          _            __ _ _
 /\\ / ___'_ __ _ _(_)_ __  __ _ \ \ \ \
( ( )\___ | '_ | '_| | '_ \/ _` | \ \ \ \
 \\/  ___)| |_)| | | | | || (_| |  ) ) ) )
  '  |____| .__|_| |_|_| |_\__, | / / / /
 =========|_|==============|___/=/_/_/_/

 :: Spring Boot ::                (v4.1.0)

2026-06-25T00:19:04.775-12:00  INFO 12460 --- [LibraLink] [  restartedMain] c.c.libralink.LibraLinkApplication       : Starting LibraLinkApplication using Java 25.0.1 with PID 12460 (C:\Users\HP\Downloads\LibraLink\Backend\target\classes started by HP in C:\Users\HP\Downloads\LibraLink\Backend)
2026-06-25T00:19:04.776-12:00  INFO 12460 --- [LibraLink] [  restartedMain] c.c.libralink.LibraLinkApplication       : No active profile set, falling back to 1 default profile: "default"
2026-06-25T00:19:04.950-12:00  INFO 12460 --- [LibraLink] [  restartedMain] .s.d.r.c.RepositoryConfigurationDelegate : Bootstrapping Spring Data JPA repositories in DEFAULT mode.
2026-06-25T00:19:04.994-12:00  INFO 12460 --- [LibraLink] [  restartedMain] .s.d.r.c.RepositoryConfigurationDelegate : Finished Spring Data repository scanning in 42 ms. Found 21 JPA repository interfaces.
2026-06-25T00:19:05.091-12:00  INFO 12460 --- [LibraLink] [  restartedMain] o.s.boot.tomcat.TomcatWebServer          : Tomcat initialized with port 8081 (http)
2026-06-25T00:19:05.092-12:00  INFO 12460 --- [LibraLink] [  restartedMain] o.apache.catalina.core.StandardService   : Starting service [Tomcat]
2026-06-25T00:19:05.093-12:00  INFO 12460 --- [LibraLink] [  restartedMain] o.apache.catalina.core.StandardEngine    : Starting Servlet engine: [Apache Tomcat/11.0.22]
2026-06-25T00:19:05.109-12:00  INFO 12460 --- [LibraLink] [  restartedMain] b.w.c.s.WebApplicationContextInitializer : Root WebApplicationContext: initialization completed in 331 ms
2026-06-25T00:19:05.149-12:00  INFO 12460 --- [LibraLink] [  restartedMain] org.hibernate.orm.jpa                    : HHH008540: Processing PersistenceUnitInfo [name: default]
2026-06-25T00:19:05.187-12:00  INFO 12460 --- [LibraLink] [  restartedMain] o.s.o.j.p.SpringPersistenceUnitInfo      : No LoadTimeWeaver setup: ignoring JPA class transformer
2026-06-25T00:19:05.188-12:00  WARN 12460 --- [LibraLink] [  restartedMain] org.hibernate.orm.deprecation            : HHH90000021: Encountered deprecated setting [hibernate.temp.use_jdbc_metadata_defaults], use [hibernate.boot.allow_jdbc_metadata_access] instead
2026-06-25T00:19:05.188-12:00  WARN 12460 --- [LibraLink] [  restartedMain] org.hibernate.orm.deprecation            : HHH90000025: PostgreSQLDialect does not need to be specified explicitly using 'hibernate.dialect' (remove the property setting and it will be selected by default)
2026-06-25T00:19:05.189-12:00  INFO 12460 --- [LibraLink] [  restartedMain] org.hibernate.orm.connections.pooling    : HHH10001005: Database info:
	Database JDBC URL [undefined/unknown]
	Database driver: undefined/unknown
	Database dialect: PostgreSQLDialect
	Database version: 14.0
	Default catalog/schema: unknown/unknown
	Autocommit mode: undefined/unknown
	Isolation level: <unknown>
	JDBC fetch size: undefined/unknown
	Pool: undefined/unknown
	Minimum pool size: undefined/unknown
	Maximum pool size: undefined/unknown
2026-06-25T00:19:05.609-12:00  INFO 12460 --- [LibraLink] [  restartedMain] org.hibernate.orm.core                   : HHH000489: No JTA platform available (set 'hibernate.transaction.jta.platform' to enable JTA platform integration)
2026-06-25T00:19:05.623-12:00  INFO 12460 --- [LibraLink] [  restartedMain] com.zaxxer.hikari.HikariDataSource       : HikariPool-27 - Starting...
2026-06-25T00:19:05.682-12:00  INFO 12460 --- [LibraLink] [  restartedMain] com.zaxxer.hikari.pool.HikariPool        : HikariPool-27 - Added connection org.postgresql.jdbc.PgConnection@7a360621
2026-06-25T00:19:05.682-12:00  INFO 12460 --- [LibraLink] [  restartedMain] com.zaxxer.hikari.HikariDataSource       : HikariPool-27 - Start completed.
2026-06-25T00:19:05.715-12:00 ERROR 12460 --- [LibraLink] [  restartedMain] j.LocalContainerEntityManagerFactoryBean : Failed to initialize JPA EntityManagerFactory: Unable to build Hibernate SessionFactory  [persistence unit: default] ; nested exception is org.hibernate.tool.schema.spi.SchemaManagementException: Schema validation: wrong column type encountered in column [reading_deadline] in table [reading_list_items]; found [date (Types#DATE)], but expecting [timestamp(6) (Types#TIMESTAMP)]
2026-06-25T00:19:05.715-12:00  WARN 12460 --- [LibraLink] [  restartedMain] ConfigServletWebServerApplicationContext : Exception encountered during context initialization - cancelling refresh attempt: org.springframework.beans.factory.BeanCreationException: Error creating bean with name 'entityManagerFactory' defined in class path resource [org/springframework/boot/hibernate/autoconfigure/HibernateJpaConfiguration.class]: Unable to build Hibernate SessionFactory  [persistence unit: default] ; nested exception is org.hibernate.tool.schema.spi.SchemaManagementException: Schema validation: wrong column type encountered in column [reading_deadline] in table [reading_list_items]; found [date (Types#DATE)], but expecting [timestamp(6) (Types#TIMESTAMP)]
2026-06-25T00:19:05.716-12:00  INFO 12460 --- [LibraLink] [  restartedMain] com.zaxxer.hikari.HikariDataSource       : HikariPool-27 - Shutdown initiated...
2026-06-25T00:19:05.717-12:00  INFO 12460 --- [LibraLink] [  restartedMain] com.zaxxer.hikari.HikariDataSource       : HikariPool-27 - Shutdown completed.
2026-06-25T00:19:05.718-12:00  INFO 12460 --- [LibraLink] [  restartedMain] o.apache.catalina.core.StandardService   : Stopping service [Tomcat]
2026-06-25T00:19:05.725-12:00  INFO 12460 --- [LibraLink] [  restartedMain] .s.b.a.l.ConditionEvaluationReportLogger : 

Error starting ApplicationContext. To display the condition evaluation report re-run your application with 'debug' enabled.
2026-06-25T00:19:05.728-12:00 ERROR 12460 --- [LibraLink] [  restartedMain] o.s.boot.SpringApplication               : Application run failed

org.springframework.beans.factory.BeanCreationException: Error creating bean with name 'entityManagerFactory' defined in class path resource [org/springframework/boot/hibernate/autoconfigure/HibernateJpaConfiguration.class]: Unable to build Hibernate SessionFactory  [persistence unit: default] ; nested exception is org.hibernate.tool.schema.spi.SchemaManagementException: Schema validation: wrong column type encountered in column [reading_deadline] in table [reading_list_items]; found [date (Types#DATE)], but expecting [timestamp(6) (Types#TIMESTAMP)]
	at org.springframework.beans.factory.support.AbstractAutowireCapableBeanFactory.initializeBean(AbstractAutowireCapableBeanFactory.java:1815) ~[spring-beans-7.0.8.jar:7.0.8]
	at org.springframework.beans.factory.support.AbstractAutowireCapableBeanFactory.doCreateBean(AbstractAutowireCapableBeanFactory.java:603) ~[spring-beans-7.0.8.jar:7.0.8]
	at org.springframework.beans.factory.support.AbstractAutowireCapableBeanFactory.createBean(AbstractAutowireCapableBeanFactory.java:525) ~[spring-beans-7.0.8.jar:7.0.8]
	at org.springframework.beans.factory.support.AbstractBeanFactory.lambda$doGetBean$0(AbstractBeanFactory.java:333) ~[spring-beans-7.0.8.jar:7.0.8]
	at org.springframework.beans.factory.support.DefaultSingletonBeanRegistry.getSingleton(DefaultSingletonBeanRegistry.java:371) ~[spring-beans-7.0.8.jar:7.0.8]
	at org.springframework.beans.factory.support.AbstractBeanFactory.doGetBean(AbstractBeanFactory.java:331) ~[spring-beans-7.0.8.jar:7.0.8]
	at org.springframework.beans.factory.support.AbstractBeanFactory.getBean(AbstractBeanFactory.java:201) ~[spring-beans-7.0.8.jar:7.0.8]
	at org.springframework.context.support.AbstractApplicationContext.finishBeanFactoryInitialization(AbstractApplicationContext.java:977) ~[spring-context-7.0.8.jar:7.0.8]
	at org.springframework.context.support.AbstractApplicationContext.refresh(AbstractApplicationContext.java:621) ~[spring-context-7.0.8.jar:7.0.8]
	at org.springframework.boot.web.server.servlet.context.ServletWebServerApplicationContext.refresh(ServletWebServerApplicationContext.java:143) ~[spring-boot-web-server-4.1.0.jar:4.1.0]
	at org.springframework.boot.SpringApplication.refresh(SpringApplication.java:756) ~[spring-boot-4.1.0.jar:4.1.0]
	at org.springframework.boot.SpringApplication.refreshContext(SpringApplication.java:445) ~[spring-boot-4.1.0.jar:4.1.0]
	at org.springframework.boot.SpringApplication.run(SpringApplication.java:321) ~[spring-boot-4.1.0.jar:4.1.0]
	at org.springframework.boot.SpringApplication.run(SpringApplication.java:1365) ~[spring-boot-4.1.0.jar:4.1.0]
	at org.springframework.boot.SpringApplication.run(SpringApplication.java:1354) ~[spring-boot-4.1.0.jar:4.1.0]
	at com.codequest.libralink.LibraLinkApplication.main(LibraLinkApplication.java:9) ~[classes/:na]
	at java.base/jdk.internal.reflect.DirectMethodHandleAccessor.invoke(DirectMethodHandleAccessor.java:104) ~[na:na]
	at java.base/java.lang.reflect.Method.invoke(Method.java:565) ~[na:na]
	at org.springframework.boot.devtools.restart.RestartLauncher.run(RestartLauncher.java:52) ~[spring-boot-devtools-4.1.0.jar:4.1.0]
Caused by: jakarta.persistence.PersistenceException: Unable to build Hibernate SessionFactory  [persistence unit: default] ; nested exception is org.hibernate.tool.schema.spi.SchemaManagementException: Schema validation: wrong column type encountered in column [reading_deadline] in table [reading_list_items]; found [date (Types#DATE)], but expecting [timestamp(6) (Types#TIMESTAMP)]
	at org.springframework.orm.jpa.AbstractEntityManagerFactoryBean.buildNativeEntityManagerFactory(AbstractEntityManagerFactoryBean.java:448) ~[spring-orm-7.0.8.jar:7.0.8]
	at org.springframework.orm.jpa.AbstractEntityManagerFactoryBean.afterPropertiesSet(AbstractEntityManagerFactoryBean.java:411) ~[spring-orm-7.0.8.jar:7.0.8]
	at org.springframework.orm.jpa.LocalContainerEntityManagerFactoryBean.afterPropertiesSet(LocalContainerEntityManagerFactoryBean.java:419) ~[spring-orm-7.0.8.jar:7.0.8]
	at org.springframework.beans.factory.support.AbstractAutowireCapableBeanFactory.invokeInitMethods(AbstractAutowireCapableBeanFactory.java:1862) ~[spring-beans-7.0.8.jar:7.0.8]
	at org.springframework.beans.factory.support.AbstractAutowireCapableBeanFactory.initializeBean(AbstractAutowireCapableBeanFactory.java:1811) ~[spring-beans-7.0.8.jar:7.0.8]
	... 18 common frames omitted
Caused by: org.hibernate.tool.schema.spi.SchemaManagementException: Schema validation: wrong column type encountered in column [reading_deadline] in table [reading_list_items]; found [date (Types#DATE)], but expecting [timestamp(6) (Types#TIMESTAMP)]
	at org.hibernate.tool.schema.internal.AbstractSchemaValidator.validateColumnType(AbstractSchemaValidator.java:163) ~[hibernate-core-7.4.1.Final.jar:7.4.1.Final]
	at org.hibernate.tool.schema.internal.AbstractSchemaValidator.validateTable(AbstractSchemaValidator.java:148) ~[hibernate-core-7.4.1.Final.jar:7.4.1.Final]
	at org.hibernate.tool.schema.internal.GroupedSchemaValidatorImpl.validateTables(GroupedSchemaValidatorImpl.java:42) ~[hibernate-core-7.4.1.Final.jar:7.4.1.Final]
	at org.hibernate.tool.schema.internal.AbstractSchemaValidator.performValidation(AbstractSchemaValidator.java:97) ~[hibernate-core-7.4.1.Final.jar:7.4.1.Final]
	at org.hibernate.tool.schema.internal.AbstractSchemaValidator.doValidation(AbstractSchemaValidator.java:75) ~[hibernate-core-7.4.1.Final.jar:7.4.1.Final]
	at org.hibernate.tool.schema.spi.SchemaManagementToolCoordinator.performDatabaseAction(SchemaManagementToolCoordinator.java:278) ~[hibernate-core-7.4.1.Final.jar:7.4.1.Final]
	at org.hibernate.tool.schema.spi.SchemaManagementToolCoordinator.lambda$process$1(SchemaManagementToolCoordinator.java:101) ~[hibernate-core-7.4.1.Final.jar:7.4.1.Final]
	at java.base/java.util.HashMap.forEach(HashMap.java:1430) ~[na:na]
	at org.hibernate.tool.schema.spi.SchemaManagementToolCoordinator.process(SchemaManagementToolCoordinator.java:100) ~[hibernate-core-7.4.1.Final.jar:7.4.1.Final]
	at org.hibernate.boot.internal.SessionFactoryObserverForSchemaExport.sessionFactoryCreated(SessionFactoryObserverForSchemaExport.java:35) ~[hibernate-core-7.4.1.Final.jar:7.4.1.Final]
	at org.hibernate.internal.SessionFactoryObserverChain.sessionFactoryCreated(SessionFactoryObserverChain.java:33) ~[hibernate-core-7.4.1.Final.jar:7.4.1.Final]
	at org.hibernate.internal.SessionFactoryImpl.<init>(SessionFactoryImpl.java:327) ~[hibernate-core-7.4.1.Final.jar:7.4.1.Final]
	at org.hibernate.internal.SessionFactoryRegistry.instantiateSessionFactory(SessionFactoryRegistry.java:64) ~[hibernate-core-7.4.1.Final.jar:7.4.1.Final]
	at org.hibernate.boot.internal.SessionFactoryBuilderImpl.build(SessionFactoryBuilderImpl.java:458) ~[hibernate-core-7.4.1.Final.jar:7.4.1.Final]
	at org.hibernate.jpa.boot.internal.EntityManagerFactoryBuilderImpl.build(EntityManagerFactoryBuilderImpl.java:1452) ~[hibernate-core-7.4.1.Final.jar:7.4.1.Final]
	at org.springframework.orm.jpa.vendor.SpringHibernateJpaPersistenceProvider.createContainerEntityManagerFactory(SpringHibernateJpaPersistenceProvider.java:93) ~[spring-orm-7.0.8.jar:7.0.8]
	at org.springframework.orm.jpa.LocalContainerEntityManagerFactoryBean.createNativeEntityManagerFactory(LocalContainerEntityManagerFactoryBean.java:443) ~[spring-orm-7.0.8.jar:7.0.8]
	at org.springframework.orm.jpa.AbstractEntityManagerFactoryBean.buildNativeEntityManagerFactory(AbstractEntityManagerFactoryBean.java:436) ~[spring-orm-7.0.8.jar:7.0.8]
	... 22 common frames omitted


  .   ____          _            __ _ _
 /\\ / ___'_ __ _ _(_)_ __  __ _ \ \ \ \
( ( )\___ | '_ | '_| | '_ \/ _` | \ \ \ \
 \\/  ___)| |_)| | | | | || (_| |  ) ) ) )
  '  |____| .__|_| |_|_| |_\__, | / / / /
 =========|_|==============|___/=/_/_/_/

 :: Spring Boot ::                (v4.1.0)

2026-06-25T00:20:24.524-12:00  INFO 12460 --- [LibraLink] [  restartedMain] c.c.libralink.LibraLinkApplication       : Starting LibraLinkApplication using Java 25.0.1 with PID 12460 (C:\Users\HP\Downloads\LibraLink\Backend\target\classes started by HP in C:\Users\HP\Downloads\LibraLink\Backend)
2026-06-25T00:20:24.524-12:00  INFO 12460 --- [LibraLink] [  restartedMain] c.c.libralink.LibraLinkApplication       : No active profile set, falling back to 1 default profile: "default"
2026-06-25T00:20:24.828-12:00  INFO 12460 --- [LibraLink] [  restartedMain] .s.d.r.c.RepositoryConfigurationDelegate : Bootstrapping Spring Data JPA repositories in DEFAULT mode.
2026-06-25T00:20:24.874-12:00  INFO 12460 --- [LibraLink] [  restartedMain] .s.d.r.c.RepositoryConfigurationDelegate : Finished Spring Data repository scanning in 44 ms. Found 21 JPA repository interfaces.
2026-06-25T00:20:25.022-12:00  INFO 12460 --- [LibraLink] [  restartedMain] o.s.boot.tomcat.TomcatWebServer          : Tomcat initialized with port 8081 (http)
2026-06-25T00:20:25.029-12:00  INFO 12460 --- [LibraLink] [  restartedMain] o.apache.catalina.core.StandardService   : Starting service [Tomcat]
2026-06-25T00:20:25.029-12:00  INFO 12460 --- [LibraLink] [  restartedMain] o.apache.catalina.core.StandardEngine    : Starting Servlet engine: [Apache Tomcat/11.0.22]
2026-06-25T00:20:25.057-12:00  INFO 12460 --- [LibraLink] [  restartedMain] b.w.c.s.WebApplicationContextInitializer : Root WebApplicationContext: initialization completed in 531 ms
2026-06-25T00:20:25.116-12:00  INFO 12460 --- [LibraLink] [  restartedMain] org.hibernate.orm.jpa                    : HHH008540: Processing PersistenceUnitInfo [name: default]
2026-06-25T00:20:25.158-12:00  INFO 12460 --- [LibraLink] [  restartedMain] o.s.o.j.p.SpringPersistenceUnitInfo      : No LoadTimeWeaver setup: ignoring JPA class transformer
2026-06-25T00:20:25.160-12:00  WARN 12460 --- [LibraLink] [  restartedMain] org.hibernate.orm.deprecation            : HHH90000021: Encountered deprecated setting [hibernate.temp.use_jdbc_metadata_defaults], use [hibernate.boot.allow_jdbc_metadata_access] instead
2026-06-25T00:20:25.160-12:00  WARN 12460 --- [LibraLink] [  restartedMain] org.hibernate.orm.deprecation            : HHH90000025: PostgreSQLDialect does not need to be specified explicitly using 'hibernate.dialect' (remove the property setting and it will be selected by default)
2026-06-25T00:20:25.161-12:00  INFO 12460 --- [LibraLink] [  restartedMain] org.hibernate.orm.connections.pooling    : HHH10001005: Database info:
	Database JDBC URL [undefined/unknown]
	Database driver: undefined/unknown
	Database dialect: PostgreSQLDialect
	Database version: 14.0
	Default catalog/schema: unknown/unknown
	Autocommit mode: undefined/unknown
	Isolation level: <unknown>
	JDBC fetch size: undefined/unknown
	Pool: undefined/unknown
	Minimum pool size: undefined/unknown
	Maximum pool size: undefined/unknown
2026-06-25T00:20:25.482-12:00  INFO 12460 --- [LibraLink] [  restartedMain] org.hibernate.orm.core                   : HHH000489: No JTA platform available (set 'hibernate.transaction.jta.platform' to enable JTA platform integration)
2026-06-25T00:20:25.492-12:00  INFO 12460 --- [LibraLink] [  restartedMain] com.zaxxer.hikari.HikariDataSource       : HikariPool-28 - Starting...
2026-06-25T00:20:25.536-12:00  INFO 12460 --- [LibraLink] [  restartedMain] com.zaxxer.hikari.pool.HikariPool        : HikariPool-28 - Added connection org.postgresql.jdbc.PgConnection@7d1c62bc
2026-06-25T00:20:25.536-12:00  INFO 12460 --- [LibraLink] [  restartedMain] com.zaxxer.hikari.HikariDataSource       : HikariPool-28 - Start completed.
2026-06-25T00:20:25.560-12:00  INFO 12460 --- [LibraLink] [  restartedMain] j.LocalContainerEntityManagerFactoryBean : Initialized JPA EntityManagerFactory for persistence unit 'default'
2026-06-25T00:20:25.898-12:00  WARN 12460 --- [LibraLink] [  restartedMain] JpaBaseConfiguration$JpaWebConfiguration : spring.jpa.open-in-view is enabled by default. Therefore, database queries may be performed during view rendering. Explicitly configure spring.jpa.open-in-view to disable this warning
2026-06-25T00:20:26.010-12:00  INFO 12460 --- [LibraLink] [  restartedMain] o.s.boot.tomcat.TomcatWebServer          : Tomcat started on port 8081 (http) with context path '/'
2026-06-25T00:20:26.013-12:00  INFO 12460 --- [LibraLink] [  restartedMain] c.c.libralink.LibraLinkApplication       : Started LibraLinkApplication in 1.53 seconds (process running for 8331.958)
2026-06-25T00:20:26.015-12:00  INFO 12460 --- [LibraLink] [  restartedMain] .ConditionEvaluationDeltaLoggingListener : Condition evaluation unchanged
2026-06-25T00:25:24.806-12:00  INFO 12460 --- [LibraLink] [   File Watcher] rtingClassPathChangeChangedEventListener : Restarting due to 42 class path changes (0 additions, 42 deletions, 0 modifications)
2026-06-25T00:25:24.816-12:00  INFO 12460 --- [LibraLink] [      Thread-97] o.s.boot.tomcat.GracefulShutdown         : Commencing graceful shutdown. Waiting for active requests to complete
2026-06-25T00:25:24.823-12:00  INFO 12460 --- [LibraLink] [tomcat-shutdown] o.s.boot.tomcat.GracefulShutdown         : Graceful shutdown complete
2026-06-25T00:25:24.828-12:00  INFO 12460 --- [LibraLink] [      Thread-97] j.LocalContainerEntityManagerFactoryBean : Closing JPA EntityManagerFactory for persistence unit 'default'
2026-06-25T00:25:24.830-12:00  INFO 12460 --- [LibraLink] [      Thread-97] com.zaxxer.hikari.HikariDataSource       : HikariPool-28 - Shutdown initiated...
2026-06-25T00:25:24.853-12:00  INFO 12460 --- [LibraLink] [      Thread-97] com.zaxxer.hikari.HikariDataSource       : HikariPool-28 - Shutdown completed.

  .   ____          _            __ _ _
 /\\ / ___'_ __ _ _(_)_ __  __ _ \ \ \ \
( ( )\___ | '_ | '_| | '_ \/ _` | \ \ \ \
 \\/  ___)| |_)| | | | | || (_| |  ) ) ) )
  '  |____| .__|_| |_|_| |_\__, | / / / /
 =========|_|==============|___/=/_/_/_/

 :: Spring Boot ::                (v4.1.0)

2026-06-25T00:25:25.011-12:00  INFO 12460 --- [LibraLink] [  restartedMain] c.c.libralink.LibraLinkApplication       : Starting LibraLinkApplication using Java 25.0.1 with PID 12460 (C:\Users\HP\Downloads\LibraLink\Backend\target\classes started by HP in C:\Users\HP\Downloads\LibraLink\Backend)
2026-06-25T00:25:25.012-12:00  INFO 12460 --- [LibraLink] [  restartedMain] c.c.libralink.LibraLinkApplication       : No active profile set, falling back to 1 default profile: "default"
2026-06-25T00:25:25.460-12:00  INFO 12460 --- [LibraLink] [  restartedMain] .s.d.r.c.RepositoryConfigurationDelegate : Bootstrapping Spring Data JPA repositories in DEFAULT mode.
2026-06-25T00:25:25.541-12:00  INFO 12460 --- [LibraLink] [  restartedMain] .s.d.r.c.RepositoryConfigurationDelegate : Finished Spring Data repository scanning in 79 ms. Found 13 JPA repository interfaces.
2026-06-25T00:25:25.775-12:00  INFO 12460 --- [LibraLink] [  restartedMain] o.s.boot.tomcat.TomcatWebServer          : Tomcat initialized with port 8081 (http)
2026-06-25T00:25:25.779-12:00  INFO 12460 --- [LibraLink] [  restartedMain] o.apache.catalina.core.StandardService   : Starting service [Tomcat]
2026-06-25T00:25:25.780-12:00  INFO 12460 --- [LibraLink] [  restartedMain] o.apache.catalina.core.StandardEngine    : Starting Servlet engine: [Apache Tomcat/11.0.22]
2026-06-25T00:25:25.809-12:00  INFO 12460 --- [LibraLink] [  restartedMain] b.w.c.s.WebApplicationContextInitializer : Root WebApplicationContext: initialization completed in 786 ms
2026-06-25T00:25:26.142-12:00  INFO 12460 --- [LibraLink] [  restartedMain] org.hibernate.orm.jpa                    : HHH008540: Processing PersistenceUnitInfo [name: default]
2026-06-25T00:25:26.211-12:00  INFO 12460 --- [LibraLink] [  restartedMain] o.s.o.j.p.SpringPersistenceUnitInfo      : No LoadTimeWeaver setup: ignoring JPA class transformer
2026-06-25T00:25:26.213-12:00  WARN 12460 --- [LibraLink] [  restartedMain] org.hibernate.orm.deprecation            : HHH90000021: Encountered deprecated setting [hibernate.temp.use_jdbc_metadata_defaults], use [hibernate.boot.allow_jdbc_metadata_access] instead
2026-06-25T00:25:26.214-12:00  WARN 12460 --- [LibraLink] [  restartedMain] org.hibernate.orm.deprecation            : HHH90000025: PostgreSQLDialect does not need to be specified explicitly using 'hibernate.dialect' (remove the property setting and it will be selected by default)
2026-06-25T00:25:26.215-12:00  INFO 12460 --- [LibraLink] [  restartedMain] org.hibernate.orm.connections.pooling    : HHH10001005: Database info:
	Database JDBC URL [undefined/unknown]
	Database driver: undefined/unknown
	Database dialect: PostgreSQLDialect
	Database version: 14.0
	Default catalog/schema: unknown/unknown
	Autocommit mode: undefined/unknown
	Isolation level: <unknown>
	JDBC fetch size: undefined/unknown
	Pool: undefined/unknown
	Minimum pool size: undefined/unknown
	Maximum pool size: undefined/unknown
2026-06-25T00:25:26.830-12:00  INFO 12460 --- [LibraLink] [  restartedMain] org.hibernate.orm.core                   : HHH000489: No JTA platform available (set 'hibernate.transaction.jta.platform' to enable JTA platform integration)
2026-06-25T00:25:26.844-12:00  INFO 12460 --- [LibraLink] [  restartedMain] com.zaxxer.hikari.HikariDataSource       : HikariPool-29 - Starting...
2026-06-25T00:25:26.914-12:00  INFO 12460 --- [LibraLink] [  restartedMain] com.zaxxer.hikari.pool.HikariPool        : HikariPool-29 - Added connection org.postgresql.jdbc.PgConnection@682261ad
2026-06-25T00:25:26.914-12:00  INFO 12460 --- [LibraLink] [  restartedMain] com.zaxxer.hikari.HikariDataSource       : HikariPool-29 - Start completed.
2026-06-25T00:25:26.953-12:00  INFO 12460 --- [LibraLink] [  restartedMain] j.LocalContainerEntityManagerFactoryBean : Initialized JPA EntityManagerFactory for persistence unit 'default'
2026-06-25T00:25:27.299-12:00  WARN 12460 --- [LibraLink] [  restartedMain] JpaBaseConfiguration$JpaWebConfiguration : spring.jpa.open-in-view is enabled by default. Therefore, database queries may be performed during view rendering. Explicitly configure spring.jpa.open-in-view to disable this warning
2026-06-25T00:25:27.529-12:00  INFO 12460 --- [LibraLink] [  restartedMain] o.s.boot.tomcat.TomcatWebServer          : Tomcat started on port 8081 (http) with context path '/'
2026-06-25T00:25:27.532-12:00  INFO 12460 --- [LibraLink] [  restartedMain] c.c.libralink.LibraLinkApplication       : Started LibraLinkApplication in 2.599 seconds (process running for 8633.477)
2026-06-25T00:25:27.533-12:00  INFO 12460 --- [LibraLink] [  restartedMain] .ConditionEvaluationDeltaLoggingListener : Condition evaluation unchanged
2026-06-25T00:29:39.417-12:00  INFO 12460 --- [LibraLink] [   File Watcher] rtingClassPathChangeChangedEventListener : Restarting due to 42 class path changes (0 additions, 42 deletions, 0 modifications)
2026-06-25T00:29:39.419-12:00  INFO 12460 --- [LibraLink] [     Thread-104] o.s.boot.tomcat.GracefulShutdown         : Commencing graceful shutdown. Waiting for active requests to complete
2026-06-25T00:29:39.424-12:00  INFO 12460 --- [LibraLink] [tomcat-shutdown] o.s.boot.tomcat.GracefulShutdown         : Graceful shutdown complete
2026-06-25T00:29:39.428-12:00  INFO 12460 --- [LibraLink] [     Thread-104] j.LocalContainerEntityManagerFactoryBean : Closing JPA EntityManagerFactory for persistence unit 'default'
2026-06-25T00:29:39.430-12:00  INFO 12460 --- [LibraLink] [     Thread-104] com.zaxxer.hikari.HikariDataSource       : HikariPool-29 - Shutdown initiated...
2026-06-25T00:29:39.432-12:00  INFO 12460 --- [LibraLink] [     Thread-104] com.zaxxer.hikari.HikariDataSource       : HikariPool-29 - Shutdown completed.

  .   ____          _            __ _ _
 /\\ / ___'_ __ _ _(_)_ __  __ _ \ \ \ \
( ( )\___ | '_ | '_| | '_ \/ _` | \ \ \ \
 \\/  ___)| |_)| | | | | || (_| |  ) ) ) )
  '  |____| .__|_| |_|_| |_\__, | / / / /
 =========|_|==============|___/=/_/_/_/

 :: Spring Boot ::                (v4.1.0)

2026-06-25T00:29:39.542-12:00  INFO 12460 --- [LibraLink] [  restartedMain] c.c.libralink.LibraLinkApplication       : Starting LibraLinkApplication using Java 25.0.1 with PID 12460 (C:\Users\HP\Downloads\LibraLink\Backend\target\classes started by HP in C:\Users\HP\Downloads\LibraLink\Backend)
2026-06-25T00:29:39.543-12:00  INFO 12460 --- [LibraLink] [  restartedMain] c.c.libralink.LibraLinkApplication       : No active profile set, falling back to 1 default profile: "default"
2026-06-25T00:29:39.903-12:00  INFO 12460 --- [LibraLink] [  restartedMain] .s.d.r.c.RepositoryConfigurationDelegate : Bootstrapping Spring Data JPA repositories in DEFAULT mode.
2026-06-25T00:29:40.035-12:00  INFO 12460 --- [LibraLink] [  restartedMain] .s.d.r.c.RepositoryConfigurationDelegate : Finished Spring Data repository scanning in 130 ms. Found 21 JPA repository interfaces.
2026-06-25T00:29:40.171-12:00  INFO 12460 --- [LibraLink] [  restartedMain] o.s.boot.tomcat.TomcatWebServer          : Tomcat initialized with port 8081 (http)
2026-06-25T00:29:40.173-12:00  INFO 12460 --- [LibraLink] [  restartedMain] o.apache.catalina.core.StandardService   : Starting service [Tomcat]
2026-06-25T00:29:40.173-12:00  INFO 12460 --- [LibraLink] [  restartedMain] o.apache.catalina.core.StandardEngine    : Starting Servlet engine: [Apache Tomcat/11.0.22]
2026-06-25T00:29:40.205-12:00  INFO 12460 --- [LibraLink] [  restartedMain] b.w.c.s.WebApplicationContextInitializer : Root WebApplicationContext: initialization completed in 658 ms
2026-06-25T00:29:40.330-12:00  INFO 12460 --- [LibraLink] [  restartedMain] org.hibernate.orm.jpa                    : HHH008540: Processing PersistenceUnitInfo [name: default]
2026-06-25T00:29:40.400-12:00  INFO 12460 --- [LibraLink] [  restartedMain] o.s.o.j.p.SpringPersistenceUnitInfo      : No LoadTimeWeaver setup: ignoring JPA class transformer
2026-06-25T00:29:40.401-12:00  WARN 12460 --- [LibraLink] [  restartedMain] org.hibernate.orm.deprecation            : HHH90000021: Encountered deprecated setting [hibernate.temp.use_jdbc_metadata_defaults], use [hibernate.boot.allow_jdbc_metadata_access] instead
2026-06-25T00:29:40.402-12:00  WARN 12460 --- [LibraLink] [  restartedMain] org.hibernate.orm.deprecation            : HHH90000025: PostgreSQLDialect does not need to be specified explicitly using 'hibernate.dialect' (remove the property setting and it will be selected by default)
2026-06-25T00:29:40.402-12:00  INFO 12460 --- [LibraLink] [  restartedMain] org.hibernate.orm.connections.pooling    : HHH10001005: Database info:
	Database JDBC URL [undefined/unknown]
	Database driver: undefined/unknown
	Database dialect: PostgreSQLDialect
	Database version: 14.0
	Default catalog/schema: unknown/unknown
	Autocommit mode: undefined/unknown
	Isolation level: <unknown>
	JDBC fetch size: undefined/unknown
	Pool: undefined/unknown
	Minimum pool size: undefined/unknown
	Maximum pool size: undefined/unknown
2026-06-25T00:29:40.912-12:00  INFO 12460 --- [LibraLink] [  restartedMain] org.hibernate.orm.core                   : HHH000489: No JTA platform available (set 'hibernate.transaction.jta.platform' to enable JTA platform integration)
2026-06-25T00:29:40.922-12:00  INFO 12460 --- [LibraLink] [  restartedMain] com.zaxxer.hikari.HikariDataSource       : HikariPool-30 - Starting...
2026-06-25T00:29:40.968-12:00  INFO 12460 --- [LibraLink] [  restartedMain] com.zaxxer.hikari.pool.HikariPool        : HikariPool-30 - Added connection org.postgresql.jdbc.PgConnection@35c5bfe5
2026-06-25T00:29:40.969-12:00  INFO 12460 --- [LibraLink] [  restartedMain] com.zaxxer.hikari.HikariDataSource       : HikariPool-30 - Start completed.
2026-06-25T00:29:40.995-12:00 ERROR 12460 --- [LibraLink] [  restartedMain] j.LocalContainerEntityManagerFactoryBean : Failed to initialize JPA EntityManagerFactory: Unable to build Hibernate SessionFactory  [persistence unit: default] ; nested exception is org.hibernate.tool.schema.spi.SchemaManagementException: Schema validation: wrong column type encountered in column [reading_deadline] in table [reading_list_items]; found [date (Types#DATE)], but expecting [timestamp(6) (Types#TIMESTAMP)]
2026-06-25T00:29:40.996-12:00  WARN 12460 --- [LibraLink] [  restartedMain] ConfigServletWebServerApplicationContext : Exception encountered during context initialization - cancelling refresh attempt: org.springframework.beans.factory.BeanCreationException: Error creating bean with name 'entityManagerFactory' defined in class path resource [org/springframework/boot/hibernate/autoconfigure/HibernateJpaConfiguration.class]: Unable to build Hibernate SessionFactory  [persistence unit: default] ; nested exception is org.hibernate.tool.schema.spi.SchemaManagementException: Schema validation: wrong column type encountered in column [reading_deadline] in table [reading_list_items]; found [date (Types#DATE)], but expecting [timestamp(6) (Types#TIMESTAMP)]
2026-06-25T00:29:40.996-12:00  INFO 12460 --- [LibraLink] [  restartedMain] com.zaxxer.hikari.HikariDataSource       : HikariPool-30 - Shutdown initiated...
2026-06-25T00:29:40.997-12:00  INFO 12460 --- [LibraLink] [  restartedMain] com.zaxxer.hikari.HikariDataSource       : HikariPool-30 - Shutdown completed.
2026-06-25T00:29:40.997-12:00  INFO 12460 --- [LibraLink] [  restartedMain] o.apache.catalina.core.StandardService   : Stopping service [Tomcat]
2026-06-25T00:29:41.001-12:00  INFO 12460 --- [LibraLink] [  restartedMain] .s.b.a.l.ConditionEvaluationReportLogger : 

Error starting ApplicationContext. To display the condition evaluation report re-run your application with 'debug' enabled.
2026-06-25T00:29:41.005-12:00 ERROR 12460 --- [LibraLink] [  restartedMain] o.s.boot.SpringApplication               : Application run failed

org.springframework.beans.factory.BeanCreationException: Error creating bean with name 'entityManagerFactory' defined in class path resource [org/springframework/boot/hibernate/autoconfigure/HibernateJpaConfiguration.class]: Unable to build Hibernate SessionFactory  [persistence unit: default] ; nested exception is org.hibernate.tool.schema.spi.SchemaManagementException: Schema validation: wrong column type encountered in column [reading_deadline] in table [reading_list_items]; found [date (Types#DATE)], but expecting [timestamp(6) (Types#TIMESTAMP)]
	at org.springframework.beans.factory.support.AbstractAutowireCapableBeanFactory.initializeBean(AbstractAutowireCapableBeanFactory.java:1815) ~[spring-beans-7.0.8.jar:7.0.8]
	at org.springframework.beans.factory.support.AbstractAutowireCapableBeanFactory.doCreateBean(AbstractAutowireCapableBeanFactory.java:603) ~[spring-beans-7.0.8.jar:7.0.8]
	at org.springframework.beans.factory.support.AbstractAutowireCapableBeanFactory.createBean(AbstractAutowireCapableBeanFactory.java:525) ~[spring-beans-7.0.8.jar:7.0.8]
	at org.springframework.beans.factory.support.AbstractBeanFactory.lambda$doGetBean$0(AbstractBeanFactory.java:333) ~[spring-beans-7.0.8.jar:7.0.8]
	at org.springframework.beans.factory.support.DefaultSingletonBeanRegistry.getSingleton(DefaultSingletonBeanRegistry.java:371) ~[spring-beans-7.0.8.jar:7.0.8]
	at org.springframework.beans.factory.support.AbstractBeanFactory.doGetBean(AbstractBeanFactory.java:331) ~[spring-beans-7.0.8.jar:7.0.8]
	at org.springframework.beans.factory.support.AbstractBeanFactory.getBean(AbstractBeanFactory.java:201) ~[spring-beans-7.0.8.jar:7.0.8]
	at org.springframework.context.support.AbstractApplicationContext.finishBeanFactoryInitialization(AbstractApplicationContext.java:977) ~[spring-context-7.0.8.jar:7.0.8]
	at org.springframework.context.support.AbstractApplicationContext.refresh(AbstractApplicationContext.java:621) ~[spring-context-7.0.8.jar:7.0.8]
	at org.springframework.boot.web.server.servlet.context.ServletWebServerApplicationContext.refresh(ServletWebServerApplicationContext.java:143) ~[spring-boot-web-server-4.1.0.jar:4.1.0]
	at org.springframework.boot.SpringApplication.refresh(SpringApplication.java:756) ~[spring-boot-4.1.0.jar:4.1.0]
	at org.springframework.boot.SpringApplication.refreshContext(SpringApplication.java:445) ~[spring-boot-4.1.0.jar:4.1.0]
	at org.springframework.boot.SpringApplication.run(SpringApplication.java:321) ~[spring-boot-4.1.0.jar:4.1.0]
	at org.springframework.boot.SpringApplication.run(SpringApplication.java:1365) ~[spring-boot-4.1.0.jar:4.1.0]
	at org.springframework.boot.SpringApplication.run(SpringApplication.java:1354) ~[spring-boot-4.1.0.jar:4.1.0]
	at com.codequest.libralink.LibraLinkApplication.main(LibraLinkApplication.java:9) ~[classes/:na]
	at java.base/jdk.internal.reflect.DirectMethodHandleAccessor.invoke(DirectMethodHandleAccessor.java:104) ~[na:na]
	at java.base/java.lang.reflect.Method.invoke(Method.java:565) ~[na:na]
	at org.springframework.boot.devtools.restart.RestartLauncher.run(RestartLauncher.java:52) ~[spring-boot-devtools-4.1.0.jar:4.1.0]
Caused by: jakarta.persistence.PersistenceException: Unable to build Hibernate SessionFactory  [persistence unit: default] ; nested exception is org.hibernate.tool.schema.spi.SchemaManagementException: Schema validation: wrong column type encountered in column [reading_deadline] in table [reading_list_items]; found [date (Types#DATE)], but expecting [timestamp(6) (Types#TIMESTAMP)]
	at org.springframework.orm.jpa.AbstractEntityManagerFactoryBean.buildNativeEntityManagerFactory(AbstractEntityManagerFactoryBean.java:448) ~[spring-orm-7.0.8.jar:7.0.8]
	at org.springframework.orm.jpa.AbstractEntityManagerFactoryBean.afterPropertiesSet(AbstractEntityManagerFactoryBean.java:411) ~[spring-orm-7.0.8.jar:7.0.8]
	at org.springframework.orm.jpa.LocalContainerEntityManagerFactoryBean.afterPropertiesSet(LocalContainerEntityManagerFactoryBean.java:419) ~[spring-orm-7.0.8.jar:7.0.8]
	at org.springframework.beans.factory.support.AbstractAutowireCapableBeanFactory.invokeInitMethods(AbstractAutowireCapableBeanFactory.java:1862) ~[spring-beans-7.0.8.jar:7.0.8]
	at org.springframework.beans.factory.support.AbstractAutowireCapableBeanFactory.initializeBean(AbstractAutowireCapableBeanFactory.java:1811) ~[spring-beans-7.0.8.jar:7.0.8]
	... 18 common frames omitted
Caused by: org.hibernate.tool.schema.spi.SchemaManagementException: Schema validation: wrong column type encountered in column [reading_deadline] in table [reading_list_items]; found [date (Types#DATE)], but expecting [timestamp(6) (Types#TIMESTAMP)]
	at org.hibernate.tool.schema.internal.AbstractSchemaValidator.validateColumnType(AbstractSchemaValidator.java:163) ~[hibernate-core-7.4.1.Final.jar:7.4.1.Final]
	at org.hibernate.tool.schema.internal.AbstractSchemaValidator.validateTable(AbstractSchemaValidator.java:148) ~[hibernate-core-7.4.1.Final.jar:7.4.1.Final]
	at org.hibernate.tool.schema.internal.GroupedSchemaValidatorImpl.validateTables(GroupedSchemaValidatorImpl.java:42) ~[hibernate-core-7.4.1.Final.jar:7.4.1.Final]
	at org.hibernate.tool.schema.internal.AbstractSchemaValidator.performValidation(AbstractSchemaValidator.java:97) ~[hibernate-core-7.4.1.Final.jar:7.4.1.Final]
	at org.hibernate.tool.schema.internal.AbstractSchemaValidator.doValidation(AbstractSchemaValidator.java:75) ~[hibernate-core-7.4.1.Final.jar:7.4.1.Final]
	at org.hibernate.tool.schema.spi.SchemaManagementToolCoordinator.performDatabaseAction(SchemaManagementToolCoordinator.java:278) ~[hibernate-core-7.4.1.Final.jar:7.4.1.Final]
	at org.hibernate.tool.schema.spi.SchemaManagementToolCoordinator.lambda$process$1(SchemaManagementToolCoordinator.java:101) ~[hibernate-core-7.4.1.Final.jar:7.4.1.Final]
	at java.base/java.util.HashMap.forEach(HashMap.java:1430) ~[na:na]
	at org.hibernate.tool.schema.spi.SchemaManagementToolCoordinator.process(SchemaManagementToolCoordinator.java:100) ~[hibernate-core-7.4.1.Final.jar:7.4.1.Final]
	at org.hibernate.boot.internal.SessionFactoryObserverForSchemaExport.sessionFactoryCreated(SessionFactoryObserverForSchemaExport.java:35) ~[hibernate-core-7.4.1.Final.jar:7.4.1.Final]
	at org.hibernate.internal.SessionFactoryObserverChain.sessionFactoryCreated(SessionFactoryObserverChain.java:33) ~[hibernate-core-7.4.1.Final.jar:7.4.1.Final]
	at org.hibernate.internal.SessionFactoryImpl.<init>(SessionFactoryImpl.java:327) ~[hibernate-core-7.4.1.Final.jar:7.4.1.Final]
	at org.hibernate.internal.SessionFactoryRegistry.instantiateSessionFactory(SessionFactoryRegistry.java:64) ~[hibernate-core-7.4.1.Final.jar:7.4.1.Final]
	at org.hibernate.boot.internal.SessionFactoryBuilderImpl.build(SessionFactoryBuilderImpl.java:458) ~[hibernate-core-7.4.1.Final.jar:7.4.1.Final]
	at org.hibernate.jpa.boot.internal.EntityManagerFactoryBuilderImpl.build(EntityManagerFactoryBuilderImpl.java:1452) ~[hibernate-core-7.4.1.Final.jar:7.4.1.Final]
	at org.springframework.orm.jpa.vendor.SpringHibernateJpaPersistenceProvider.createContainerEntityManagerFactory(SpringHibernateJpaPersistenceProvider.java:93) ~[spring-orm-7.0.8.jar:7.0.8]
	at org.springframework.orm.jpa.LocalContainerEntityManagerFactoryBean.createNativeEntityManagerFactory(LocalContainerEntityManagerFactoryBean.java:443) ~[spring-orm-7.0.8.jar:7.0.8]
	at org.springframework.orm.jpa.AbstractEntityManagerFactoryBean.buildNativeEntityManagerFactory(AbstractEntityManagerFactoryBean.java:436) ~[spring-orm-7.0.8.jar:7.0.8]
	... 22 common frames omitted


  .   ____          _            __ _ _
 /\\ / ___'_ __ _ _(_)_ __  __ _ \ \ \ \
( ( )\___ | '_ | '_| | '_ \/ _` | \ \ \ \
 \\/  ___)| |_)| | | | | || (_| |  ) ) ) )
  '  |____| .__|_| |_|_| |_\__, | / / / /
 =========|_|==============|___/=/_/_/_/

 :: Spring Boot ::                (v4.1.0)

2026-06-25T00:30:45.657-12:00  INFO 12460 --- [LibraLink] [  restartedMain] c.c.libralink.LibraLinkApplication       : Starting LibraLinkApplication using Java 25.0.1 with PID 12460 (C:\Users\HP\Downloads\LibraLink\Backend\target\classes started by HP in C:\Users\HP\Downloads\LibraLink\Backend)
2026-06-25T00:30:45.657-12:00  INFO 12460 --- [LibraLink] [  restartedMain] c.c.libralink.LibraLinkApplication       : No active profile set, falling back to 1 default profile: "default"
2026-06-25T00:30:45.987-12:00  INFO 12460 --- [LibraLink] [  restartedMain] .s.d.r.c.RepositoryConfigurationDelegate : Bootstrapping Spring Data JPA repositories in DEFAULT mode.
2026-06-25T00:30:46.104-12:00  INFO 12460 --- [LibraLink] [  restartedMain] .s.d.r.c.RepositoryConfigurationDelegate : Finished Spring Data repository scanning in 115 ms. Found 21 JPA repository interfaces.
2026-06-25T00:30:46.238-12:00  INFO 12460 --- [LibraLink] [  restartedMain] o.s.boot.tomcat.TomcatWebServer          : Tomcat initialized with port 8081 (http)
2026-06-25T00:30:46.241-12:00  INFO 12460 --- [LibraLink] [  restartedMain] o.apache.catalina.core.StandardService   : Starting service [Tomcat]
2026-06-25T00:30:46.241-12:00  INFO 12460 --- [LibraLink] [  restartedMain] o.apache.catalina.core.StandardEngine    : Starting Servlet engine: [Apache Tomcat/11.0.22]
2026-06-25T00:30:46.272-12:00  INFO 12460 --- [LibraLink] [  restartedMain] b.w.c.s.WebApplicationContextInitializer : Root WebApplicationContext: initialization completed in 612 ms
2026-06-25T00:30:46.337-12:00  INFO 12460 --- [LibraLink] [  restartedMain] org.hibernate.orm.jpa                    : HHH008540: Processing PersistenceUnitInfo [name: default]
2026-06-25T00:30:46.376-12:00  INFO 12460 --- [LibraLink] [  restartedMain] o.s.o.j.p.SpringPersistenceUnitInfo      : No LoadTimeWeaver setup: ignoring JPA class transformer
2026-06-25T00:30:46.377-12:00  WARN 12460 --- [LibraLink] [  restartedMain] org.hibernate.orm.deprecation            : HHH90000021: Encountered deprecated setting [hibernate.temp.use_jdbc_metadata_defaults], use [hibernate.boot.allow_jdbc_metadata_access] instead
2026-06-25T00:30:46.378-12:00  WARN 12460 --- [LibraLink] [  restartedMain] org.hibernate.orm.deprecation            : HHH90000025: PostgreSQLDialect does not need to be specified explicitly using 'hibernate.dialect' (remove the property setting and it will be selected by default)
2026-06-25T00:30:46.378-12:00  INFO 12460 --- [LibraLink] [  restartedMain] org.hibernate.orm.connections.pooling    : HHH10001005: Database info:
	Database JDBC URL [undefined/unknown]
	Database driver: undefined/unknown
	Database dialect: PostgreSQLDialect
	Database version: 14.0
	Default catalog/schema: unknown/unknown
	Autocommit mode: undefined/unknown
	Isolation level: <unknown>
	JDBC fetch size: undefined/unknown
	Pool: undefined/unknown
	Minimum pool size: undefined/unknown
	Maximum pool size: undefined/unknown
2026-06-25T00:30:46.671-12:00  INFO 12460 --- [LibraLink] [  restartedMain] org.hibernate.orm.core                   : HHH000489: No JTA platform available (set 'hibernate.transaction.jta.platform' to enable JTA platform integration)
2026-06-25T00:30:46.674-12:00  INFO 12460 --- [LibraLink] [  restartedMain] com.zaxxer.hikari.HikariDataSource       : HikariPool-31 - Starting...
2026-06-25T00:30:46.735-12:00  INFO 12460 --- [LibraLink] [  restartedMain] com.zaxxer.hikari.pool.HikariPool        : HikariPool-31 - Added connection org.postgresql.jdbc.PgConnection@15201d46
2026-06-25T00:30:46.736-12:00  INFO 12460 --- [LibraLink] [  restartedMain] com.zaxxer.hikari.HikariDataSource       : HikariPool-31 - Start completed.
2026-06-25T00:30:46.778-12:00  INFO 12460 --- [LibraLink] [  restartedMain] j.LocalContainerEntityManagerFactoryBean : Initialized JPA EntityManagerFactory for persistence unit 'default'
2026-06-25T00:30:47.103-12:00  WARN 12460 --- [LibraLink] [  restartedMain] JpaBaseConfiguration$JpaWebConfiguration : spring.jpa.open-in-view is enabled by default. Therefore, database queries may be performed during view rendering. Explicitly configure spring.jpa.open-in-view to disable this warning
2026-06-25T00:30:47.363-12:00  INFO 12460 --- [LibraLink] [  restartedMain] o.s.boot.tomcat.TomcatWebServer          : Tomcat started on port 8081 (http) with context path '/'
2026-06-25T00:30:47.369-12:00  INFO 12460 --- [LibraLink] [  restartedMain] c.c.libralink.LibraLinkApplication       : Started LibraLinkApplication in 1.747 seconds (process running for 8953.313)
2026-06-25T00:30:47.370-12:00  INFO 12460 --- [LibraLink] [  restartedMain] .ConditionEvaluationDeltaLoggingListener : Condition evaluation unchanged
2026-06-25T00:47:21.833-12:00  INFO 12460 --- [LibraLink] [   File Watcher] rtingClassPathChangeChangedEventListener : Restarting due to 42 class path changes (0 additions, 42 deletions, 0 modifications)
2026-06-25T00:47:21.843-12:00  INFO 12460 --- [LibraLink] [     Thread-108] o.s.boot.tomcat.GracefulShutdown         : Commencing graceful shutdown. Waiting for active requests to complete
2026-06-25T00:47:21.849-12:00  INFO 12460 --- [LibraLink] [tomcat-shutdown] o.s.boot.tomcat.GracefulShutdown         : Graceful shutdown complete
2026-06-25T00:47:21.853-12:00  INFO 12460 --- [LibraLink] [     Thread-108] j.LocalContainerEntityManagerFactoryBean : Closing JPA EntityManagerFactory for persistence unit 'default'
2026-06-25T00:47:21.856-12:00  INFO 12460 --- [LibraLink] [     Thread-108] com.zaxxer.hikari.HikariDataSource       : HikariPool-31 - Shutdown initiated...
2026-06-25T00:47:21.860-12:00  INFO 12460 --- [LibraLink] [     Thread-108] com.zaxxer.hikari.HikariDataSource       : HikariPool-31 - Shutdown completed.

  .   ____          _            __ _ _
 /\\ / ___'_ __ _ _(_)_ __  __ _ \ \ \ \
( ( )\___ | '_ | '_| | '_ \/ _` | \ \ \ \
 \\/  ___)| |_)| | | | | || (_| |  ) ) ) )
  '  |____| .__|_| |_|_| |_\__, | / / / /
 =========|_|==============|___/=/_/_/_/

 :: Spring Boot ::                (v4.1.0)

2026-06-25T00:47:21.985-12:00  INFO 12460 --- [LibraLink] [  restartedMain] c.c.libralink.LibraLinkApplication       : Starting LibraLinkApplication using Java 25.0.1 with PID 12460 (C:\Users\HP\Downloads\LibraLink\Backend\target\classes started by HP in C:\Users\HP\Downloads\LibraLink\Backend)
2026-06-25T00:47:21.986-12:00  INFO 12460 --- [LibraLink] [  restartedMain] c.c.libralink.LibraLinkApplication       : No active profile set, falling back to 1 default profile: "default"
2026-06-25T00:47:22.262-12:00  INFO 12460 --- [LibraLink] [  restartedMain] .s.d.r.c.RepositoryConfigurationDelegate : Bootstrapping Spring Data JPA repositories in DEFAULT mode.
2026-06-25T00:47:22.304-12:00  INFO 12460 --- [LibraLink] [  restartedMain] .s.d.r.c.RepositoryConfigurationDelegate : Finished Spring Data repository scanning in 32 ms. Found 11 JPA repository interfaces.
2026-06-25T00:47:22.423-12:00  INFO 12460 --- [LibraLink] [  restartedMain] o.s.boot.tomcat.TomcatWebServer          : Tomcat initialized with port 8081 (http)
2026-06-25T00:47:22.426-12:00  INFO 12460 --- [LibraLink] [  restartedMain] o.apache.catalina.core.StandardService   : Starting service [Tomcat]
2026-06-25T00:47:22.426-12:00  INFO 12460 --- [LibraLink] [  restartedMain] o.apache.catalina.core.StandardEngine    : Starting Servlet engine: [Apache Tomcat/11.0.22]
2026-06-25T00:47:22.445-12:00  INFO 12460 --- [LibraLink] [  restartedMain] b.w.c.s.WebApplicationContextInitializer : Root WebApplicationContext: initialization completed in 451 ms
2026-06-25T00:47:22.491-12:00  INFO 12460 --- [LibraLink] [  restartedMain] org.hibernate.orm.jpa                    : HHH008540: Processing PersistenceUnitInfo [name: default]
2026-06-25T00:47:22.536-12:00  INFO 12460 --- [LibraLink] [  restartedMain] o.s.o.j.p.SpringPersistenceUnitInfo      : No LoadTimeWeaver setup: ignoring JPA class transformer
2026-06-25T00:47:22.538-12:00  WARN 12460 --- [LibraLink] [  restartedMain] org.hibernate.orm.deprecation            : HHH90000021: Encountered deprecated setting [hibernate.temp.use_jdbc_metadata_defaults], use [hibernate.boot.allow_jdbc_metadata_access] instead
2026-06-25T00:47:22.539-12:00  WARN 12460 --- [LibraLink] [  restartedMain] org.hibernate.orm.deprecation            : HHH90000025: PostgreSQLDialect does not need to be specified explicitly using 'hibernate.dialect' (remove the property setting and it will be selected by default)
2026-06-25T00:47:22.539-12:00  INFO 12460 --- [LibraLink] [  restartedMain] org.hibernate.orm.connections.pooling    : HHH10001005: Database info:
	Database JDBC URL [undefined/unknown]
	Database driver: undefined/unknown
	Database dialect: PostgreSQLDialect
	Database version: 14.0
	Default catalog/schema: unknown/unknown
	Autocommit mode: undefined/unknown
	Isolation level: <unknown>
	JDBC fetch size: undefined/unknown
	Pool: undefined/unknown
	Minimum pool size: undefined/unknown
	Maximum pool size: undefined/unknown
2026-06-25T00:47:22.798-12:00  INFO 12460 --- [LibraLink] [  restartedMain] org.hibernate.orm.core                   : HHH000489: No JTA platform available (set 'hibernate.transaction.jta.platform' to enable JTA platform integration)
2026-06-25T00:47:22.801-12:00  INFO 12460 --- [LibraLink] [  restartedMain] com.zaxxer.hikari.HikariDataSource       : HikariPool-32 - Starting...
2026-06-25T00:47:22.845-12:00  INFO 12460 --- [LibraLink] [  restartedMain] com.zaxxer.hikari.pool.HikariPool        : HikariPool-32 - Added connection org.postgresql.jdbc.PgConnection@6189e2cc
2026-06-25T00:47:22.846-12:00  INFO 12460 --- [LibraLink] [  restartedMain] com.zaxxer.hikari.HikariDataSource       : HikariPool-32 - Start completed.
2026-06-25T00:47:22.869-12:00  INFO 12460 --- [LibraLink] [  restartedMain] j.LocalContainerEntityManagerFactoryBean : Initialized JPA EntityManagerFactory for persistence unit 'default'
2026-06-25T00:47:23.095-12:00  WARN 12460 --- [LibraLink] [  restartedMain] JpaBaseConfiguration$JpaWebConfiguration : spring.jpa.open-in-view is enabled by default. Therefore, database queries may be performed during view rendering. Explicitly configure spring.jpa.open-in-view to disable this warning
2026-06-25T00:47:23.215-12:00  INFO 12460 --- [LibraLink] [  restartedMain] o.s.boot.tomcat.TomcatWebServer          : Tomcat started on port 8081 (http) with context path '/'
2026-06-25T00:47:23.218-12:00  INFO 12460 --- [LibraLink] [  restartedMain] c.c.libralink.LibraLinkApplication       : Started LibraLinkApplication in 1.295 seconds (process running for 9949.162)
2026-06-25T00:47:23.219-12:00  INFO 12460 --- [LibraLink] [  restartedMain] .ConditionEvaluationDeltaLoggingListener : Condition evaluation unchanged
2026-06-25T00:47:34.777-12:00  INFO 12460 --- [LibraLink] [   File Watcher] rtingClassPathChangeChangedEventListener : Restarting due to 58 class path changes (27 additions, 0 deletions, 31 modifications)
2026-06-25T00:47:34.787-12:00  INFO 12460 --- [LibraLink] [     Thread-115] o.s.boot.tomcat.GracefulShutdown         : Commencing graceful shutdown. Waiting for active requests to complete
2026-06-25T00:47:34.793-12:00  INFO 12460 --- [LibraLink] [tomcat-shutdown] o.s.boot.tomcat.GracefulShutdown         : Graceful shutdown complete
2026-06-25T00:47:34.796-12:00  INFO 12460 --- [LibraLink] [     Thread-115] j.LocalContainerEntityManagerFactoryBean : Closing JPA EntityManagerFactory for persistence unit 'default'
2026-06-25T00:47:34.796-12:00  INFO 12460 --- [LibraLink] [     Thread-115] com.zaxxer.hikari.HikariDataSource       : HikariPool-32 - Shutdown initiated...
2026-06-25T00:47:34.802-12:00  INFO 12460 --- [LibraLink] [     Thread-115] com.zaxxer.hikari.HikariDataSource       : HikariPool-32 - Shutdown completed.

  .   ____          _            __ _ _
 /\\ / ___'_ __ _ _(_)_ __  __ _ \ \ \ \
( ( )\___ | '_ | '_| | '_ \/ _` | \ \ \ \
 \\/  ___)| |_)| | | | | || (_| |  ) ) ) )
  '  |____| .__|_| |_|_| |_\__, | / / / /
 =========|_|==============|___/=/_/_/_/

 :: Spring Boot ::                (v4.1.0)

2026-06-25T00:47:34.870-12:00  INFO 12460 --- [LibraLink] [  restartedMain] c.c.libralink.LibraLinkApplication       : Starting LibraLinkApplication using Java 25.0.1 with PID 12460 (C:\Users\HP\Downloads\LibraLink\Backend\target\classes started by HP in C:\Users\HP\Downloads\LibraLink\Backend)
2026-06-25T00:47:34.871-12:00  INFO 12460 --- [LibraLink] [  restartedMain] c.c.libralink.LibraLinkApplication       : No active profile set, falling back to 1 default profile: "default"
2026-06-25T00:47:35.072-12:00  INFO 12460 --- [LibraLink] [  restartedMain] .s.d.r.c.RepositoryConfigurationDelegate : Bootstrapping Spring Data JPA repositories in DEFAULT mode.
2026-06-25T00:47:35.098-12:00  INFO 12460 --- [LibraLink] [  restartedMain] .s.d.r.c.RepositoryConfigurationDelegate : Finished Spring Data repository scanning in 24 ms. Found 17 JPA repository interfaces.
2026-06-25T00:47:35.157-12:00  INFO 12460 --- [LibraLink] [  restartedMain] o.s.boot.tomcat.TomcatWebServer          : Tomcat initialized with port 8081 (http)
2026-06-25T00:47:35.158-12:00  INFO 12460 --- [LibraLink] [  restartedMain] o.apache.catalina.core.StandardService   : Starting service [Tomcat]
2026-06-25T00:47:35.159-12:00  INFO 12460 --- [LibraLink] [  restartedMain] o.apache.catalina.core.StandardEngine    : Starting Servlet engine: [Apache Tomcat/11.0.22]
2026-06-25T00:47:35.177-12:00  INFO 12460 --- [LibraLink] [  restartedMain] b.w.c.s.WebApplicationContextInitializer : Root WebApplicationContext: initialization completed in 304 ms
2026-06-25T00:47:35.207-12:00  INFO 12460 --- [LibraLink] [  restartedMain] org.hibernate.orm.jpa                    : HHH008540: Processing PersistenceUnitInfo [name: default]
2026-06-25T00:47:35.233-12:00  INFO 12460 --- [LibraLink] [  restartedMain] o.s.o.j.p.SpringPersistenceUnitInfo      : No LoadTimeWeaver setup: ignoring JPA class transformer
2026-06-25T00:47:35.234-12:00  WARN 12460 --- [LibraLink] [  restartedMain] org.hibernate.orm.deprecation            : HHH90000021: Encountered deprecated setting [hibernate.temp.use_jdbc_metadata_defaults], use [hibernate.boot.allow_jdbc_metadata_access] instead
2026-06-25T00:47:35.234-12:00  WARN 12460 --- [LibraLink] [  restartedMain] org.hibernate.orm.deprecation            : HHH90000025: PostgreSQLDialect does not need to be specified explicitly using 'hibernate.dialect' (remove the property setting and it will be selected by default)
2026-06-25T00:47:35.235-12:00  INFO 12460 --- [LibraLink] [  restartedMain] org.hibernate.orm.connections.pooling    : HHH10001005: Database info:
	Database JDBC URL [undefined/unknown]
	Database driver: undefined/unknown
	Database dialect: PostgreSQLDialect
	Database version: 14.0
	Default catalog/schema: unknown/unknown
	Autocommit mode: undefined/unknown
	Isolation level: <unknown>
	JDBC fetch size: undefined/unknown
	Pool: undefined/unknown
	Minimum pool size: undefined/unknown
	Maximum pool size: undefined/unknown
2026-06-25T00:47:35.422-12:00  INFO 12460 --- [LibraLink] [  restartedMain] org.hibernate.orm.core                   : HHH000489: No JTA platform available (set 'hibernate.transaction.jta.platform' to enable JTA platform integration)
2026-06-25T00:47:35.424-12:00  INFO 12460 --- [LibraLink] [  restartedMain] com.zaxxer.hikari.HikariDataSource       : HikariPool-33 - Starting...
2026-06-25T00:47:35.581-12:00  INFO 12460 --- [LibraLink] [  restartedMain] com.zaxxer.hikari.pool.HikariPool        : HikariPool-33 - Added connection org.postgresql.jdbc.PgConnection@58096dc9
2026-06-25T00:47:35.581-12:00  INFO 12460 --- [LibraLink] [  restartedMain] com.zaxxer.hikari.HikariDataSource       : HikariPool-33 - Start completed.
2026-06-25T00:47:35.602-12:00  INFO 12460 --- [LibraLink] [  restartedMain] j.LocalContainerEntityManagerFactoryBean : Initialized JPA EntityManagerFactory for persistence unit 'default'
2026-06-25T00:47:35.757-12:00  WARN 12460 --- [LibraLink] [  restartedMain] ConfigServletWebServerApplicationContext : Exception encountered during context initialization - cancelling refresh attempt: org.springframework.beans.factory.BeanCreationException: Error creating bean with name 'pickupSlotController': Lookup method resolution failed
2026-06-25T00:47:35.758-12:00  INFO 12460 --- [LibraLink] [  restartedMain] j.LocalContainerEntityManagerFactoryBean : Closing JPA EntityManagerFactory for persistence unit 'default'
2026-06-25T00:47:35.758-12:00  INFO 12460 --- [LibraLink] [  restartedMain] com.zaxxer.hikari.HikariDataSource       : HikariPool-33 - Shutdown initiated...
2026-06-25T00:47:35.768-12:00  INFO 12460 --- [LibraLink] [  restartedMain] com.zaxxer.hikari.HikariDataSource       : HikariPool-33 - Shutdown completed.
2026-06-25T00:47:35.768-12:00  INFO 12460 --- [LibraLink] [  restartedMain] o.apache.catalina.core.StandardService   : Stopping service [Tomcat]
2026-06-25T00:47:35.771-12:00  INFO 12460 --- [LibraLink] [  restartedMain] .s.b.a.l.ConditionEvaluationReportLogger : 

Error starting ApplicationContext. To display the condition evaluation report re-run your application with 'debug' enabled.
2026-06-25T00:47:35.775-12:00 ERROR 12460 --- [LibraLink] [  restartedMain] o.s.boot.SpringApplication               : Application run failed

org.springframework.beans.factory.BeanCreationException: Error creating bean with name 'pickupSlotController': Lookup method resolution failed
	at org.springframework.beans.factory.annotation.AutowiredAnnotationBeanPostProcessor.checkLookupMethods(AutowiredAnnotationBeanPostProcessor.java:482) ~[spring-beans-7.0.8.jar:7.0.8]
	at org.springframework.beans.factory.annotation.AutowiredAnnotationBeanPostProcessor.determineCandidateConstructors(AutowiredAnnotationBeanPostProcessor.java:352) ~[spring-beans-7.0.8.jar:7.0.8]
	at org.springframework.beans.factory.support.AbstractAutowireCapableBeanFactory.determineConstructorsFromBeanPostProcessors(AbstractAutowireCapableBeanFactory.java:1319) ~[spring-beans-7.0.8.jar:7.0.8]
	at org.springframework.beans.factory.support.AbstractAutowireCapableBeanFactory.createBeanInstance(AbstractAutowireCapableBeanFactory.java:1216) ~[spring-beans-7.0.8.jar:7.0.8]
	at org.springframework.beans.factory.support.AbstractAutowireCapableBeanFactory.doCreateBean(AbstractAutowireCapableBeanFactory.java:565) ~[spring-beans-7.0.8.jar:7.0.8]
	at org.springframework.beans.factory.support.AbstractAutowireCapableBeanFactory.createBean(AbstractAutowireCapableBeanFactory.java:525) ~[spring-beans-7.0.8.jar:7.0.8]
	at org.springframework.beans.factory.support.AbstractBeanFactory.lambda$doGetBean$0(AbstractBeanFactory.java:333) ~[spring-beans-7.0.8.jar:7.0.8]
	at org.springframework.beans.factory.support.DefaultSingletonBeanRegistry.getSingleton(DefaultSingletonBeanRegistry.java:371) ~[spring-beans-7.0.8.jar:7.0.8]
	at org.springframework.beans.factory.support.AbstractBeanFactory.doGetBean(AbstractBeanFactory.java:331) ~[spring-beans-7.0.8.jar:7.0.8]
	at org.springframework.beans.factory.support.AbstractBeanFactory.getBean(AbstractBeanFactory.java:196) ~[spring-beans-7.0.8.jar:7.0.8]
	at org.springframework.beans.factory.support.DefaultListableBeanFactory.instantiateSingleton(DefaultListableBeanFactory.java:1225) ~[spring-beans-7.0.8.jar:7.0.8]
	at org.springframework.beans.factory.support.DefaultListableBeanFactory.preInstantiateSingleton(DefaultListableBeanFactory.java:1191) ~[spring-beans-7.0.8.jar:7.0.8]
	at org.springframework.beans.factory.support.DefaultListableBeanFactory.preInstantiateSingletons(DefaultListableBeanFactory.java:1121) ~[spring-beans-7.0.8.jar:7.0.8]
	at org.springframework.context.support.AbstractApplicationContext.finishBeanFactoryInitialization(AbstractApplicationContext.java:994) ~[spring-context-7.0.8.jar:7.0.8]
	at org.springframework.context.support.AbstractApplicationContext.refresh(AbstractApplicationContext.java:621) ~[spring-context-7.0.8.jar:7.0.8]
	at org.springframework.boot.web.server.servlet.context.ServletWebServerApplicationContext.refresh(ServletWebServerApplicationContext.java:143) ~[spring-boot-web-server-4.1.0.jar:4.1.0]
	at org.springframework.boot.SpringApplication.refresh(SpringApplication.java:756) ~[spring-boot-4.1.0.jar:4.1.0]
	at org.springframework.boot.SpringApplication.refreshContext(SpringApplication.java:445) ~[spring-boot-4.1.0.jar:4.1.0]
	at org.springframework.boot.SpringApplication.run(SpringApplication.java:321) ~[spring-boot-4.1.0.jar:4.1.0]
	at org.springframework.boot.SpringApplication.run(SpringApplication.java:1365) ~[spring-boot-4.1.0.jar:4.1.0]
	at org.springframework.boot.SpringApplication.run(SpringApplication.java:1354) ~[spring-boot-4.1.0.jar:4.1.0]
	at com.codequest.libralink.LibraLinkApplication.main(LibraLinkApplication.java:9) ~[classes/:na]
	at java.base/jdk.internal.reflect.DirectMethodHandleAccessor.invoke(DirectMethodHandleAccessor.java:104) ~[na:na]
	at java.base/java.lang.reflect.Method.invoke(Method.java:565) ~[na:na]
	at org.springframework.boot.devtools.restart.RestartLauncher.run(RestartLauncher.java:52) ~[spring-boot-devtools-4.1.0.jar:4.1.0]
Caused by: java.lang.IllegalStateException: Failed to introspect Class [com.codequest.libralink.controller.PickupSlotController] from ClassLoader [org.springframework.boot.devtools.restart.classloader.RestartClassLoader@244e1a9]
	at org.springframework.util.ReflectionUtils.getDeclaredMethods(ReflectionUtils.java:483) ~[spring-core-7.0.8.jar:7.0.8]
	at org.springframework.util.ReflectionUtils.doWithLocalMethods(ReflectionUtils.java:320) ~[spring-core-7.0.8.jar:7.0.8]
	at org.springframework.beans.factory.annotation.AutowiredAnnotationBeanPostProcessor.checkLookupMethods(AutowiredAnnotationBeanPostProcessor.java:460) ~[spring-beans-7.0.8.jar:7.0.8]
	... 24 common frames omitted
Caused by: java.lang.NoClassDefFoundError: com/codequest/libralink/entity/PickupSlot
	at java.base/java.lang.Class.getDeclaredMethods0(Native Method) ~[na:na]
	at java.base/java.lang.Class.privateGetDeclaredMethods(Class.java:3010) ~[na:na]
	at java.base/java.lang.Class.getDeclaredMethods(Class.java:2329) ~[na:na]
	at org.springframework.util.ReflectionUtils.getDeclaredMethods(ReflectionUtils.java:465) ~[spring-core-7.0.8.jar:7.0.8]
	... 26 common frames omitted
Caused by: java.lang.ClassNotFoundException: com.codequest.libralink.entity.PickupSlot
	at java.base/jdk.internal.loader.BuiltinClassLoader.loadClass(BuiltinClassLoader.java:580) ~[na:na]
	at java.base/java.lang.ClassLoader.loadClass(ClassLoader.java:490) ~[na:na]
	at java.base/java.lang.Class.forName0(Native Method) ~[na:na]
	at java.base/java.lang.Class.forName(Class.java:547) ~[na:na]
	at org.springframework.boot.devtools.restart.classloader.RestartClassLoader.loadClass(RestartClassLoader.java:123) ~[spring-boot-devtools-4.1.0.jar:4.1.0]
	at java.base/java.lang.ClassLoader.loadClass(ClassLoader.java:490) ~[na:na]
	... 30 common frames omitted


  .   ____          _            __ _ _
 /\\ / ___'_ __ _ _(_)_ __  __ _ \ \ \ \
( ( )\___ | '_ | '_| | '_ \/ _` | \ \ \ \
 \\/  ___)| |_)| | | | | || (_| |  ) ) ) )
  '  |____| .__|_| |_|_| |_\__, | / / / /
 =========|_|==============|___/=/_/_/_/

 :: Spring Boot ::                (v4.1.0)

2026-06-25T00:48:20.976-12:00  INFO 12460 --- [LibraLink] [  restartedMain] c.c.libralink.LibraLinkApplication       : Starting LibraLinkApplication using Java 25.0.1 with PID 12460 (C:\Users\HP\Downloads\LibraLink\Backend\target\classes started by HP in C:\Users\HP\Downloads\LibraLink\Backend)
2026-06-25T00:48:20.977-12:00  INFO 12460 --- [LibraLink] [  restartedMain] c.c.libralink.LibraLinkApplication       : No active profile set, falling back to 1 default profile: "default"
2026-06-25T00:48:21.164-12:00  INFO 12460 --- [LibraLink] [  restartedMain] .s.d.r.c.RepositoryConfigurationDelegate : Bootstrapping Spring Data JPA repositories in DEFAULT mode.
2026-06-25T00:48:21.202-12:00  INFO 12460 --- [LibraLink] [  restartedMain] .s.d.r.c.RepositoryConfigurationDelegate : Finished Spring Data repository scanning in 36 ms. Found 11 JPA repository interfaces.
2026-06-25T00:48:21.356-12:00  INFO 12460 --- [LibraLink] [  restartedMain] o.s.boot.tomcat.TomcatWebServer          : Tomcat initialized with port 8081 (http)
2026-06-25T00:48:21.358-12:00  INFO 12460 --- [LibraLink] [  restartedMain] o.apache.catalina.core.StandardService   : Starting service [Tomcat]
2026-06-25T00:48:21.358-12:00  INFO 12460 --- [LibraLink] [  restartedMain] o.apache.catalina.core.StandardEngine    : Starting Servlet engine: [Apache Tomcat/11.0.22]
2026-06-25T00:48:21.384-12:00  INFO 12460 --- [LibraLink] [  restartedMain] b.w.c.s.WebApplicationContextInitializer : Root WebApplicationContext: initialization completed in 405 ms
2026-06-25T00:48:21.449-12:00  INFO 12460 --- [LibraLink] [  restartedMain] org.hibernate.orm.jpa                    : HHH008540: Processing PersistenceUnitInfo [name: default]
2026-06-25T00:48:21.503-12:00  INFO 12460 --- [LibraLink] [  restartedMain] o.s.o.j.p.SpringPersistenceUnitInfo      : No LoadTimeWeaver setup: ignoring JPA class transformer
2026-06-25T00:48:21.506-12:00  WARN 12460 --- [LibraLink] [  restartedMain] org.hibernate.orm.deprecation            : HHH90000021: Encountered deprecated setting [hibernate.temp.use_jdbc_metadata_defaults], use [hibernate.boot.allow_jdbc_metadata_access] instead
2026-06-25T00:48:21.508-12:00  WARN 12460 --- [LibraLink] [  restartedMain] org.hibernate.orm.deprecation            : HHH90000025: PostgreSQLDialect does not need to be specified explicitly using 'hibernate.dialect' (remove the property setting and it will be selected by default)
2026-06-25T00:48:21.508-12:00  INFO 12460 --- [LibraLink] [  restartedMain] org.hibernate.orm.connections.pooling    : HHH10001005: Database info:
	Database JDBC URL [undefined/unknown]
	Database driver: undefined/unknown
	Database dialect: PostgreSQLDialect
	Database version: 14.0
	Default catalog/schema: unknown/unknown
	Autocommit mode: undefined/unknown
	Isolation level: <unknown>
	JDBC fetch size: undefined/unknown
	Pool: undefined/unknown
	Minimum pool size: undefined/unknown
	Maximum pool size: undefined/unknown
2026-06-25T00:48:21.750-12:00  INFO 12460 --- [LibraLink] [  restartedMain] org.hibernate.orm.core                   : HHH000489: No JTA platform available (set 'hibernate.transaction.jta.platform' to enable JTA platform integration)
2026-06-25T00:48:21.754-12:00  INFO 12460 --- [LibraLink] [  restartedMain] com.zaxxer.hikari.HikariDataSource       : HikariPool-34 - Starting...
2026-06-25T00:48:21.818-12:00  INFO 12460 --- [LibraLink] [  restartedMain] com.zaxxer.hikari.pool.HikariPool        : HikariPool-34 - Added connection org.postgresql.jdbc.PgConnection@3e7d0e67
2026-06-25T00:48:21.818-12:00  INFO 12460 --- [LibraLink] [  restartedMain] com.zaxxer.hikari.HikariDataSource       : HikariPool-34 - Start completed.
2026-06-25T00:48:21.853-12:00  INFO 12460 --- [LibraLink] [  restartedMain] j.LocalContainerEntityManagerFactoryBean : Initialized JPA EntityManagerFactory for persistence unit 'default'
2026-06-25T00:48:22.059-12:00  WARN 12460 --- [LibraLink] [  restartedMain] JpaBaseConfiguration$JpaWebConfiguration : spring.jpa.open-in-view is enabled by default. Therefore, database queries may be performed during view rendering. Explicitly configure spring.jpa.open-in-view to disable this warning
2026-06-25T00:48:22.301-12:00  INFO 12460 --- [LibraLink] [  restartedMain] o.s.boot.tomcat.TomcatWebServer          : Tomcat started on port 8081 (http) with context path '/'
2026-06-25T00:48:22.312-12:00  INFO 12460 --- [LibraLink] [  restartedMain] c.c.libralink.LibraLinkApplication       : Started LibraLinkApplication in 1.38 seconds (process running for 10008.256)
2026-06-25T00:48:22.313-12:00  INFO 12460 --- [LibraLink] [  restartedMain] .ConditionEvaluationDeltaLoggingListener : Condition evaluation unchanged
2026-06-25T00:48:23.716-12:00  INFO 12460 --- [LibraLink] [   File Watcher] rtingClassPathChangeChangedEventListener : Restarting due to 87 class path changes (42 additions, 0 deletions, 45 modifications)
2026-06-25T00:48:23.726-12:00  INFO 12460 --- [LibraLink] [     Thread-119] o.s.boot.tomcat.GracefulShutdown         : Commencing graceful shutdown. Waiting for active requests to complete
2026-06-25T00:48:23.730-12:00  INFO 12460 --- [LibraLink] [tomcat-shutdown] o.s.boot.tomcat.GracefulShutdown         : Graceful shutdown complete
2026-06-25T00:48:23.732-12:00  INFO 12460 --- [LibraLink] [     Thread-119] j.LocalContainerEntityManagerFactoryBean : Closing JPA EntityManagerFactory for persistence unit 'default'
2026-06-25T00:48:23.733-12:00  INFO 12460 --- [LibraLink] [     Thread-119] com.zaxxer.hikari.HikariDataSource       : HikariPool-34 - Shutdown initiated...
2026-06-25T00:48:23.735-12:00  INFO 12460 --- [LibraLink] [     Thread-119] com.zaxxer.hikari.HikariDataSource       : HikariPool-34 - Shutdown completed.

  .   ____          _            __ _ _
 /\\ / ___'_ __ _ _(_)_ __  __ _ \ \ \ \
( ( )\___ | '_ | '_| | '_ \/ _` | \ \ \ \
 \\/  ___)| |_)| | | | | || (_| |  ) ) ) )
  '  |____| .__|_| |_|_| |_\__, | / / / /
 =========|_|==============|___/=/_/_/_/

 :: Spring Boot ::                (v4.1.0)

2026-06-25T00:48:23.835-12:00  INFO 12460 --- [LibraLink] [  restartedMain] c.c.libralink.LibraLinkApplication       : Starting LibraLinkApplication using Java 25.0.1 with PID 12460 (C:\Users\HP\Downloads\LibraLink\Backend\target\classes started by HP in C:\Users\HP\Downloads\LibraLink\Backend)
2026-06-25T00:48:23.835-12:00  INFO 12460 --- [LibraLink] [  restartedMain] c.c.libralink.LibraLinkApplication       : No active profile set, falling back to 1 default profile: "default"
2026-06-25T00:48:23.994-12:00  INFO 12460 --- [LibraLink] [  restartedMain] .s.d.r.c.RepositoryConfigurationDelegate : Bootstrapping Spring Data JPA repositories in DEFAULT mode.
2026-06-25T00:48:24.032-12:00  INFO 12460 --- [LibraLink] [  restartedMain] .s.d.r.c.RepositoryConfigurationDelegate : Finished Spring Data repository scanning in 37 ms. Found 21 JPA repository interfaces.
2026-06-25T00:48:24.100-12:00  INFO 12460 --- [LibraLink] [  restartedMain] o.s.boot.tomcat.TomcatWebServer          : Tomcat initialized with port 8081 (http)
2026-06-25T00:48:24.101-12:00  INFO 12460 --- [LibraLink] [  restartedMain] o.apache.catalina.core.StandardService   : Starting service [Tomcat]
2026-06-25T00:48:24.101-12:00  INFO 12460 --- [LibraLink] [  restartedMain] o.apache.catalina.core.StandardEngine    : Starting Servlet engine: [Apache Tomcat/11.0.22]
2026-06-25T00:48:24.118-12:00  INFO 12460 --- [LibraLink] [  restartedMain] b.w.c.s.WebApplicationContextInitializer : Root WebApplicationContext: initialization completed in 281 ms
2026-06-25T00:48:24.155-12:00  INFO 12460 --- [LibraLink] [  restartedMain] org.hibernate.orm.jpa                    : HHH008540: Processing PersistenceUnitInfo [name: default]
2026-06-25T00:48:24.186-12:00  INFO 12460 --- [LibraLink] [  restartedMain] o.s.o.j.p.SpringPersistenceUnitInfo      : No LoadTimeWeaver setup: ignoring JPA class transformer
2026-06-25T00:48:24.187-12:00  WARN 12460 --- [LibraLink] [  restartedMain] org.hibernate.orm.deprecation            : HHH90000021: Encountered deprecated setting [hibernate.temp.use_jdbc_metadata_defaults], use [hibernate.boot.allow_jdbc_metadata_access] instead
2026-06-25T00:48:24.188-12:00  WARN 12460 --- [LibraLink] [  restartedMain] org.hibernate.orm.deprecation            : HHH90000025: PostgreSQLDialect does not need to be specified explicitly using 'hibernate.dialect' (remove the property setting and it will be selected by default)
2026-06-25T00:48:24.188-12:00  INFO 12460 --- [LibraLink] [  restartedMain] org.hibernate.orm.connections.pooling    : HHH10001005: Database info:
	Database JDBC URL [undefined/unknown]
	Database driver: undefined/unknown
	Database dialect: PostgreSQLDialect
	Database version: 14.0
	Default catalog/schema: unknown/unknown
	Autocommit mode: undefined/unknown
	Isolation level: <unknown>
	JDBC fetch size: undefined/unknown
	Pool: undefined/unknown
	Minimum pool size: undefined/unknown
	Maximum pool size: undefined/unknown
2026-06-25T00:48:24.493-12:00  INFO 12460 --- [LibraLink] [  restartedMain] org.hibernate.orm.core                   : HHH000489: No JTA platform available (set 'hibernate.transaction.jta.platform' to enable JTA platform integration)
2026-06-25T00:48:24.502-12:00  INFO 12460 --- [LibraLink] [  restartedMain] com.zaxxer.hikari.HikariDataSource       : HikariPool-35 - Starting...
2026-06-25T00:48:24.653-12:00  INFO 12460 --- [LibraLink] [  restartedMain] com.zaxxer.hikari.pool.HikariPool        : HikariPool-35 - Added connection org.postgresql.jdbc.PgConnection@5c81e0da
2026-06-25T00:48:24.653-12:00  INFO 12460 --- [LibraLink] [  restartedMain] com.zaxxer.hikari.HikariDataSource       : HikariPool-35 - Start completed.
2026-06-25T00:48:24.678-12:00  INFO 12460 --- [LibraLink] [  restartedMain] j.LocalContainerEntityManagerFactoryBean : Initialized JPA EntityManagerFactory for persistence unit 'default'
2026-06-25T00:48:24.972-12:00  WARN 12460 --- [LibraLink] [  restartedMain] JpaBaseConfiguration$JpaWebConfiguration : spring.jpa.open-in-view is enabled by default. Therefore, database queries may be performed during view rendering. Explicitly configure spring.jpa.open-in-view to disable this warning
2026-06-25T00:48:25.068-12:00  INFO 12460 --- [LibraLink] [  restartedMain] o.s.boot.tomcat.TomcatWebServer          : Tomcat started on port 8081 (http) with context path '/'
2026-06-25T00:48:25.071-12:00  INFO 12460 --- [LibraLink] [  restartedMain] c.c.libralink.LibraLinkApplication       : Started LibraLinkApplication in 1.261 seconds (process running for 10011.015)
2026-06-25T00:48:25.072-12:00  INFO 12460 --- [LibraLink] [  restartedMain] .ConditionEvaluationDeltaLoggingListener : Condition evaluation unchanged
2026-06-25T00:57:45.105-12:00  INFO 12460 --- [LibraLink] [   File Watcher] rtingClassPathChangeChangedEventListener : Restarting due to 42 class path changes (0 additions, 42 deletions, 0 modifications)
2026-06-25T00:57:45.114-12:00  INFO 12460 --- [LibraLink] [     Thread-126] o.s.boot.tomcat.GracefulShutdown         : Commencing graceful shutdown. Waiting for active requests to complete
2026-06-25T00:57:45.119-12:00  INFO 12460 --- [LibraLink] [tomcat-shutdown] o.s.boot.tomcat.GracefulShutdown         : Graceful shutdown complete
2026-06-25T00:57:45.125-12:00  INFO 12460 --- [LibraLink] [     Thread-126] j.LocalContainerEntityManagerFactoryBean : Closing JPA EntityManagerFactory for persistence unit 'default'
2026-06-25T00:57:45.127-12:00  INFO 12460 --- [LibraLink] [     Thread-126] com.zaxxer.hikari.HikariDataSource       : HikariPool-35 - Shutdown initiated...
2026-06-25T00:57:45.143-12:00  INFO 12460 --- [LibraLink] [     Thread-126] com.zaxxer.hikari.HikariDataSource       : HikariPool-35 - Shutdown completed.

  .   ____          _            __ _ _
 /\\ / ___'_ __ _ _(_)_ __  __ _ \ \ \ \
( ( )\___ | '_ | '_| | '_ \/ _` | \ \ \ \
 \\/  ___)| |_)| | | | | || (_| |  ) ) ) )
  '  |____| .__|_| |_|_| |_\__, | / / / /
 =========|_|==============|___/=/_/_/_/

 :: Spring Boot ::                (v4.1.0)

2026-06-25T00:57:45.285-12:00  INFO 12460 --- [LibraLink] [  restartedMain] c.c.libralink.LibraLinkApplication       : Starting LibraLinkApplication using Java 25.0.1 with PID 12460 (C:\Users\HP\Downloads\LibraLink\Backend\target\classes started by HP in C:\Users\HP\Downloads\LibraLink\Backend)
2026-06-25T00:57:45.285-12:00  INFO 12460 --- [LibraLink] [  restartedMain] c.c.libralink.LibraLinkApplication       : No active profile set, falling back to 1 default profile: "default"
2026-06-25T00:57:45.843-12:00  INFO 12460 --- [LibraLink] [  restartedMain] .s.d.r.c.RepositoryConfigurationDelegate : Bootstrapping Spring Data JPA repositories in DEFAULT mode.
2026-06-25T00:57:46.033-12:00  INFO 12460 --- [LibraLink] [  restartedMain] .s.d.r.c.RepositoryConfigurationDelegate : Finished Spring Data repository scanning in 187 ms. Found 21 JPA repository interfaces.
2026-06-25T00:57:46.229-12:00  INFO 12460 --- [LibraLink] [  restartedMain] o.s.boot.tomcat.TomcatWebServer          : Tomcat initialized with port 8081 (http)
2026-06-25T00:57:46.233-12:00  INFO 12460 --- [LibraLink] [  restartedMain] o.apache.catalina.core.StandardService   : Starting service [Tomcat]
2026-06-25T00:57:46.233-12:00  INFO 12460 --- [LibraLink] [  restartedMain] o.apache.catalina.core.StandardEngine    : Starting Servlet engine: [Apache Tomcat/11.0.22]
2026-06-25T00:57:46.273-12:00  INFO 12460 --- [LibraLink] [  restartedMain] b.w.c.s.WebApplicationContextInitializer : Root WebApplicationContext: initialization completed in 981 ms
2026-06-25T00:57:46.355-12:00  INFO 12460 --- [LibraLink] [  restartedMain] org.hibernate.orm.jpa                    : HHH008540: Processing PersistenceUnitInfo [name: default]
2026-06-25T00:57:46.436-12:00  INFO 12460 --- [LibraLink] [  restartedMain] o.s.o.j.p.SpringPersistenceUnitInfo      : No LoadTimeWeaver setup: ignoring JPA class transformer
2026-06-25T00:57:46.440-12:00  WARN 12460 --- [LibraLink] [  restartedMain] org.hibernate.orm.deprecation            : HHH90000021: Encountered deprecated setting [hibernate.temp.use_jdbc_metadata_defaults], use [hibernate.boot.allow_jdbc_metadata_access] instead
2026-06-25T00:57:46.440-12:00  WARN 12460 --- [LibraLink] [  restartedMain] org.hibernate.orm.deprecation            : HHH90000025: PostgreSQLDialect does not need to be specified explicitly using 'hibernate.dialect' (remove the property setting and it will be selected by default)
2026-06-25T00:57:46.440-12:00  INFO 12460 --- [LibraLink] [  restartedMain] org.hibernate.orm.connections.pooling    : HHH10001005: Database info:
	Database JDBC URL [undefined/unknown]
	Database driver: undefined/unknown
	Database dialect: PostgreSQLDialect
	Database version: 14.0
	Default catalog/schema: unknown/unknown
	Autocommit mode: undefined/unknown
	Isolation level: <unknown>
	JDBC fetch size: undefined/unknown
	Pool: undefined/unknown
	Minimum pool size: undefined/unknown
	Maximum pool size: undefined/unknown
2026-06-25T00:57:46.979-12:00  INFO 12460 --- [LibraLink] [  restartedMain] org.hibernate.orm.core                   : HHH000489: No JTA platform available (set 'hibernate.transaction.jta.platform' to enable JTA platform integration)
2026-06-25T00:57:46.990-12:00  INFO 12460 --- [LibraLink] [  restartedMain] com.zaxxer.hikari.HikariDataSource       : HikariPool-36 - Starting...
2026-06-25T00:57:47.042-12:00  INFO 12460 --- [LibraLink] [  restartedMain] com.zaxxer.hikari.pool.HikariPool        : HikariPool-36 - Added connection org.postgresql.jdbc.PgConnection@16a6d697
2026-06-25T00:57:47.043-12:00  INFO 12460 --- [LibraLink] [  restartedMain] com.zaxxer.hikari.HikariDataSource       : HikariPool-36 - Start completed.
2026-06-25T00:57:47.071-12:00  INFO 12460 --- [LibraLink] [  restartedMain] j.LocalContainerEntityManagerFactoryBean : Initialized JPA EntityManagerFactory for persistence unit 'default'
2026-06-25T00:57:47.345-12:00  WARN 12460 --- [LibraLink] [  restartedMain] JpaBaseConfiguration$JpaWebConfiguration : spring.jpa.open-in-view is enabled by default. Therefore, database queries may be performed during view rendering. Explicitly configure spring.jpa.open-in-view to disable this warning
2026-06-25T00:57:47.566-12:00  INFO 12460 --- [LibraLink] [  restartedMain] o.s.boot.tomcat.TomcatWebServer          : Tomcat started on port 8081 (http) with context path '/'
2026-06-25T00:57:47.569-12:00  INFO 12460 --- [LibraLink] [  restartedMain] c.c.libralink.LibraLinkApplication       : Started LibraLinkApplication in 2.354 seconds (process running for 10573.514)
2026-06-25T00:57:47.572-12:00  INFO 12460 --- [LibraLink] [  restartedMain] .ConditionEvaluationDeltaLoggingListener : Condition evaluation unchanged
2026-06-25T01:13:30.772-12:00  INFO 12460 --- [LibraLink] [   File Watcher] rtingClassPathChangeChangedEventListener : Restarting due to 42 class path changes (0 additions, 42 deletions, 0 modifications)
2026-06-25T01:13:30.777-12:00  INFO 12460 --- [LibraLink] [     Thread-130] o.s.boot.tomcat.GracefulShutdown         : Commencing graceful shutdown. Waiting for active requests to complete
2026-06-25T01:13:30.783-12:00  INFO 12460 --- [LibraLink] [tomcat-shutdown] o.s.boot.tomcat.GracefulShutdown         : Graceful shutdown complete
2026-06-25T01:13:30.792-12:00  INFO 12460 --- [LibraLink] [     Thread-130] j.LocalContainerEntityManagerFactoryBean : Closing JPA EntityManagerFactory for persistence unit 'default'
2026-06-25T01:13:30.799-12:00  INFO 12460 --- [LibraLink] [     Thread-130] com.zaxxer.hikari.HikariDataSource       : HikariPool-36 - Shutdown initiated...
2026-06-25T01:13:30.822-12:00  INFO 12460 --- [LibraLink] [     Thread-130] com.zaxxer.hikari.HikariDataSource       : HikariPool-36 - Shutdown completed.

  .   ____          _            __ _ _
 /\\ / ___'_ __ _ _(_)_ __  __ _ \ \ \ \
( ( )\___ | '_ | '_| | '_ \/ _` | \ \ \ \
 \\/  ___)| |_)| | | | | || (_| |  ) ) ) )
  '  |____| .__|_| |_|_| |_\__, | / / / /
 =========|_|==============|___/=/_/_/_/

 :: Spring Boot ::                (v4.1.0)

2026-06-25T01:13:31.124-12:00  INFO 12460 --- [LibraLink] [  restartedMain] c.c.libralink.LibraLinkApplication       : Starting LibraLinkApplication using Java 25.0.1 with PID 12460 (C:\Users\HP\Downloads\LibraLink\Backend\target\classes started by HP in C:\Users\HP\Downloads\LibraLink\Backend)
2026-06-25T01:13:31.125-12:00  INFO 12460 --- [LibraLink] [  restartedMain] c.c.libralink.LibraLinkApplication       : No active profile set, falling back to 1 default profile: "default"
2026-06-25T01:13:31.781-12:00  INFO 12460 --- [LibraLink] [  restartedMain] .s.d.r.c.RepositoryConfigurationDelegate : Bootstrapping Spring Data JPA repositories in DEFAULT mode.
2026-06-25T01:13:31.871-12:00  INFO 12460 --- [LibraLink] [  restartedMain] .s.d.r.c.RepositoryConfigurationDelegate : Finished Spring Data repository scanning in 74 ms. Found 21 JPA repository interfaces.
2026-06-25T01:13:32.088-12:00  INFO 12460 --- [LibraLink] [  restartedMain] o.s.boot.tomcat.TomcatWebServer          : Tomcat initialized with port 8081 (http)
2026-06-25T01:13:32.092-12:00  INFO 12460 --- [LibraLink] [  restartedMain] o.apache.catalina.core.StandardService   : Starting service [Tomcat]
2026-06-25T01:13:32.093-12:00  INFO 12460 --- [LibraLink] [  restartedMain] o.apache.catalina.core.StandardEngine    : Starting Servlet engine: [Apache Tomcat/11.0.22]
2026-06-25T01:13:32.131-12:00  INFO 12460 --- [LibraLink] [  restartedMain] b.w.c.s.WebApplicationContextInitializer : Root WebApplicationContext: initialization completed in 993 ms
2026-06-25T01:13:32.240-12:00  INFO 12460 --- [LibraLink] [  restartedMain] org.hibernate.orm.jpa                    : HHH008540: Processing PersistenceUnitInfo [name: default]
2026-06-25T01:13:32.311-12:00  INFO 12460 --- [LibraLink] [  restartedMain] o.s.o.j.p.SpringPersistenceUnitInfo      : No LoadTimeWeaver setup: ignoring JPA class transformer
2026-06-25T01:13:32.312-12:00  WARN 12460 --- [LibraLink] [  restartedMain] org.hibernate.orm.deprecation            : HHH90000021: Encountered deprecated setting [hibernate.temp.use_jdbc_metadata_defaults], use [hibernate.boot.allow_jdbc_metadata_access] instead
2026-06-25T01:13:32.312-12:00  WARN 12460 --- [LibraLink] [  restartedMain] org.hibernate.orm.deprecation            : HHH90000025: PostgreSQLDialect does not need to be specified explicitly using 'hibernate.dialect' (remove the property setting and it will be selected by default)
2026-06-25T01:13:32.313-12:00  INFO 12460 --- [LibraLink] [  restartedMain] org.hibernate.orm.connections.pooling    : HHH10001005: Database info:
	Database JDBC URL [undefined/unknown]
	Database driver: undefined/unknown
	Database dialect: PostgreSQLDialect
	Database version: 14.0
	Default catalog/schema: unknown/unknown
	Autocommit mode: undefined/unknown
	Isolation level: <unknown>
	JDBC fetch size: undefined/unknown
	Pool: undefined/unknown
	Minimum pool size: undefined/unknown
	Maximum pool size: undefined/unknown
2026-06-25T01:13:32.703-12:00  INFO 12460 --- [LibraLink] [  restartedMain] org.hibernate.orm.core                   : HHH000489: No JTA platform available (set 'hibernate.transaction.jta.platform' to enable JTA platform integration)
2026-06-25T01:13:32.714-12:00  INFO 12460 --- [LibraLink] [  restartedMain] com.zaxxer.hikari.HikariDataSource       : HikariPool-37 - Starting...
2026-06-25T01:13:32.776-12:00  INFO 12460 --- [LibraLink] [  restartedMain] com.zaxxer.hikari.pool.HikariPool        : HikariPool-37 - Added connection org.postgresql.jdbc.PgConnection@35de1bf4
2026-06-25T01:13:32.777-12:00  INFO 12460 --- [LibraLink] [  restartedMain] com.zaxxer.hikari.HikariDataSource       : HikariPool-37 - Start completed.
2026-06-25T01:13:32.815-12:00  INFO 12460 --- [LibraLink] [  restartedMain] j.LocalContainerEntityManagerFactoryBean : Initialized JPA EntityManagerFactory for persistence unit 'default'
2026-06-25T01:13:33.186-12:00  WARN 12460 --- [LibraLink] [  restartedMain] JpaBaseConfiguration$JpaWebConfiguration : spring.jpa.open-in-view is enabled by default. Therefore, database queries may be performed during view rendering. Explicitly configure spring.jpa.open-in-view to disable this warning
2026-06-25T01:13:33.377-12:00  INFO 12460 --- [LibraLink] [  restartedMain] o.s.boot.tomcat.TomcatWebServer          : Tomcat started on port 8081 (http) with context path '/'
2026-06-25T01:13:33.382-12:00  INFO 12460 --- [LibraLink] [  restartedMain] c.c.libralink.LibraLinkApplication       : Started LibraLinkApplication in 2.382 seconds (process running for 11519.326)
2026-06-25T01:13:33.384-12:00  INFO 12460 --- [LibraLink] [  restartedMain] .ConditionEvaluationDeltaLoggingListener : Condition evaluation unchanged
